plane,x,y,code,A_pf,K_pf,maxeig_pf,A_co,F_co,K_co,maxeig_co
beta_B,0.005,0.5,1,4.3603775350519065,1.6294035760948609,0.2422463536602491,4.3603775350519065,3.689445655733496e-21,1.6294035760948609,0.2422463536602491
beta_B,0.006842105263157895,0.5,1,4.360377535072999,1.629403576095027,0.30798586690246466,4.360377535072999,1.2815031016492426e-21,1.629403576095027,0.30798586690246466
beta_B,0.00868421052631579,0.5,1,4.3603775350748855,1.6294035760950552,0.42675423257260553,4.3603775350748855,-8.328743253148096e-21,1.6294035760950552,0.42675423257260553
beta_B,0.010526315789473686,0.5,1,4.360377535050236,1.6294035760948935,0.5831176206754007,4.360377535050236,5.718446431449551e-20,1.6294035760948935,0.5831176206754007
beta_B,0.01236842105263158,0.5,1,4.360377535044009,1.629403576094872,0.7870362142475995,4.360377535044009,1.3930248176603796e-19,1.629403576094872,0.7870362142475996
beta_B,0.014210526315789476,0.5,2,4.360377535047314,1.6294035760948078,1.0507185150922103,4.159680491321913,0.027848855541865634,1.6311679584019807,0.9494404703511661
beta_B,0.01605263157894737,0.5,2,4.360377535035934,1.629403576094883,1.3890606808978905,3.2626896124883538,0.1416921594208355,1.6400130302214395,0.5703341520626065
beta_B,0.017894736842105265,0.5,2,4.360377535031519,1.6294035760948997,1.820161203074756,2.661250624109866,0.2041387037849316,1.6471161540136465,0.6227005742540548
beta_B,0.01973684210526316,0.5,2,4.360377535026582,1.6294035760949255,2.36592244929343,2.23583457301647,0.23804454682636483,1.652951119133442,0.6656479602115235
beta_B,0.021578947368421055,0.5,2,4.360377535020801,1.6294035760949603,3.0527520553672933,1.9217727750250764,0.2554964176555478,1.6578313194255305,0.7014378682673947
beta_B,0.02342105263157895,0.5,2,4.36037753501353,1.6294035760950032,3.9123789824026294,1.6817689575550343,0.26319275541311193,1.6619736849665845,0.7316692565751668
beta_B,0.025263157894736845,0.5,2,4.360377535004834,1.6294035760950587,4.982801237871335,1.4931115185418349,0.2649957175795699,1.6655336790553708,0.7575079203305098
beta_B,0.02710526315789474,0.5,2,4.3603775349940115,1.6294035760951266,6.309383810544096,1.34131594262659,0.2632067671240391,1.6686258367095972,0.7798225914586356
beta_B,0.028947368421052635,0.5,2,4.360377534895274,1.6294035760623364,7.946128977763682,1.2167732322812357,0.25923486862977646,1.6713364816679586,0.7992722679170616
beta_B,0.03078947368421053,0.5,2,4.360377534964483,1.6294035760953154,9.95714261391747,1.112889753603371,0.25396136683253134,1.673731937867918,0.8163646751781307
beta_B,0.03263157894736842,0.5,2,4.360377534944484,1.6294035760954422,12.418324384926494,1.0250072023923082,0.24794667605165863,1.6758640140567966,0.8314964925162365
beta_B,0.034473684210526316,0.5,2,4.36037753510601,1.629403576151041,15.419312668423247,0.949750214381049,0.2415511953386938,1.6777737707867084,0.8449816034597131
beta_B,0.03631578947368421,0.5,2,4.360377535041599,1.629403576094767,19.065718260607728,0.8846183297891012,0.23500807404463875,1.6794941696341978,0.8570712785715942
beta_B,0.038157894736842106,0.5,2,4.360377534853922,1.62940357609601,23.481687874812472,0.8277228146414356,0.2284681016120138,1.6810519748235495,0.8679688204631052
beta_B,0.04,0.5,2,4.360377534809807,1.6294035760962824,28.812837912450817,0.7776122157075936,0.22202800846032925,1.682469142896032,0.8778403396959319
beta_B,0.005,0.5789473684210527,1,3.9128844663893956,1.6343638469266715,0.26937117219854373,3.9128844663893956,-3.232610524747295e-21,1.6343638469266715,0.26937117219854373
beta_B,0.006842105263157895,0.5789473684210527,1,3.9128844664100906,1.6343638469267876,0.2847707558273228,3.9128844664100906,-5.403117507905451e-21,1.6343638469267876,0.2847707558273228
beta_B,0.00868421052631579,0.5789473684210527,1,3.9128844664592735,1.6343638469270572,0.3880409660908526,3.9128844664592735,2.815940020820658e-20,1.6343638469270572,0.3880409660908526
beta_B,0.010526315789473686,0.5789473684210527,1,3.9128844663982743,1.634363846926753,0.5220540153912913,3.9128844663982765,-4.35700777407087e-20,1.634363846926753,0.5220540153912914
beta_B,0.01236842105263158,0.5789473684210527,1,3.9128844663851363,1.6343638469267041,0.6944691431992239,3.9128844663851363,1.8269482391938573e-20,1.6343638469267041,0.6944691431992239
beta_B,0.014210526315789476,0.5789473684210527,1,3.9128844663853193,1.634363846926634,0.9145712374794941,3.9128844663853175,4.176899612824412e-16,1.6343638469266342,0.9145712374794926
beta_B,0.01605263157894737,0.5789473684210527,2,3.9128844663741416,1.6343638469267006,1.1935694488844586,3.341004734967831,0.07608916596256798,1.640035542300949,0.7963170910690414
beta_B,0.017894736842105265,0.5789473684210527,2,3.9128844663696327,1.634363846926714,1.544943971132929,2.7222503223562664,0.14765711241180038,1.6471306666215697,0.6139470386618745
beta_B,0.01973684210526316,0.5789473684210527,2,3.9128844663646425,1.6343638469267339,1.9848478559842673,2.2850026089373885,0.18848686458422242,1.6529595864880307,0.6572181585289344
beta_B,0.021578947368421055,0.5789473684210527,2,3.9128844663595377,1.634363846926764,2.5325716793925754,1.9625125206893315,0.21135609492866136,1.6578352870400062,0.6932812558354502
beta_B,0.02342105263157895,0.5789473684210527,2,3.912884466377789,1.6343638469265958,3.2110797056364877,1.7162882280458083,0.2233996385833254,1.661974316698852,0.72374698407378
beta_B,0.025263157894736845,0.5789473684210527,2,3.912884466346066,1.6343638469268489,4.047627652858617,1.5228997043425934,0.2287655836105045,1.6655318368499503,0.7497887016843994
beta_B,0.02710526315789474,0.5789473684210527,2,3.9128844663374216,1.6343638469269084,5.07447288609289,1.3674127562556535,0.22994917960907707,1.6686221569735742,0.7722806687392095
beta_B,0.028947368421052635,0.5789473684210527,2,3.9128844663268216,1.6343638469269806,6.329689683767424,1.239926429805464,0.2284947849355507,1.6713314358651254,0.7918861724025498
beta_B,0.03078947368421053,0.5789473684210527,2,3.912884466375945,1.6343638469265866,7.858103686919097,1.1336512678802535,0.22538093192452674,1.6737258774491508,0.8091163619270679
beta_B,0.03263157894736842,0.5789473684210527,2,3.912884466375483,1.6343638469265842,9.712360614651185,1.0437937811023716,0.22123948373458882,1.675857202910084,0.8243706884161609
beta_B,0.034473684210526316,0.5789473684210527,2,3.912884466280251,1.6343638469273072,11.95414803468784,0.9668828657298789,0.21648448578566304,1.6777664085017077,0.8379652982551828
beta_B,0.03631578947368421,0.5789473684210527,2,3.912884466257712,1.6343638469274633,14.655587916843908,0.9003487005090427,0.21139012636269025,1.679486408238876,0.8501533245652733
beta_B,0.038157894736842106,0.5789473684210527,2,3.912884466230762,1.6343638469276518,17.900824544006092,0.842251274160204,0.20613911342095376,1.6810439308473932,0.8611396109262373
beta_B,0.04,0.5789473684210527,2,3.9128844661981774,1.634363846927876,21.787828969267952,0.7911005332709363,0.20085337149044472,1.682460906148463,0.871091550418447
beta_B,0.005,0.6578947368421053,1,3.4955339099680467,1.6393005085476529,0.2984964920411243,3.4955339099680467,-6.393242199815055e-21,1.6393005085476529,0.2984964920411243
beta_B,0.006842105263157895,0.6578947368421053,1,3.495533909988607,1.6393005085477248,0.29849649203946954,3.495533909988609,-5.83637900117585e-21,1.6393005085477248,0.2984964920394693
beta_B,0.00868421052631579,0.6578947368421053,1,3.495533910121156,1.6393005085481627,0.35270227874683774,3.4955339101211544,-2.382968404271758e-21,1.6393005085481627,0.35270227874683785
beta_B,0.010526315789473686,0.6578947368421053,1,3.4955339100178238,1.6393005085478378,0.4670862182218336,3.4955339100178238,-2.1176411351177462e-21,1.6393005085478378,0.4670862182218336
beta_B,0.01236842105263158,0.6578947368421053,1,3.4955339099723943,1.6393005085477095,0.6122347544686814,3.4955339099723943,-3.425149211950265e-20,1.6393005085477095,0.6122347544686814
beta_B,0.014210526315789476,0.6578947368421053,1,3.4955339099605163,1.639300508547691,0.7951260093340257,3.495533909960517,-1.5166611551588847e-19,1.639300508547691,0.7951260093340261
beta_B,0.01605263157894737,0.6578947368421053,2,3.4955339099610807,1.6393005085476173,1.0240942155984991,3.421104118557336,0.01020274327092771,1.6400582509396608,0.9758798040787912
beta_B,0.017894736842105265,0.6578947368421053,2,3.495533909948145,1.639300508547703,1.3090587952834913,2.7845822762779293,0.09097167806223867,1.6471453800010665,0.6052049830882109
beta_B,0.01973684210526316,0.6578947368421053,2,3.495533909942449,1.6393005085477192,1.661787501159555,2.335195837972828,0.13878192357866112,1.652968225874293,0.6488056081738633
beta_B,0.021578947368421055,0.6578947368421053,2,3.495533909937577,1.6393005085477454,2.0961981700892793,2.0040628417393997,0.1671090984836314,1.6578393887321172,0.6851457261172056
beta_B,0.02342105263157895,0.6578947368421053,2,3.4955339099318805,1.639300508547778,2.6287040290491337,1.7514637515601617,0.18352935120207992,1.6619750453664253,0.7158486352171155
beta_B,0.025263157894736845,0.6578947368421053,2,3.4955339099509697,1.6393005085475867,3.2786083681027067,1.5532302016165376,0.19248004211006967,1.6655300587368056,0.7420956681799095
beta_B,0.02710526315789474,0.6578947368421053,2,3.4955339099185525,1.6393005085478711,4.068554735419366,1.3939657082566879,0.19665246979847545,1.6686185136527567,0.7647668147616509
beta_B,0.028947368421052635,0.6578947368421053,2,3.4955339099097604,1.6393005085479326,5.025039667675603,1.2634691810438856,0.19772792703703992,1.671326403651999,0.7845297569201666
beta_B,0.03078947368421053,0.6578947368421053,2,3.4955339098999163,1.6393005085480088,6.178996131717734,1.1547498946138264,0.1967831974988913,1.6737198120345285,0.8018991317914992
beta_B,0.03263157894736842,0.6578947368421053,2,3.4955339098877607,1.6393005085480996,7.5664556533102045,1.0628754638107702,0.19452233799635874,1.6758503717327111,0.8172772035707625
beta_B,0.034473684210526316,0.6578947368421053,2,3.4955339098737275,1.6393005085482097,9.229299990648265,0.9842764577924762,0.1914135703125664,1.6777590140920162,0.8309824126663241
beta_B,0.03631578947368421,0.6578947368421053,2,3.4955339098566243,1.63930050854834,11.216111638787188,0.9163118533140461,0.18777250373661925,1.6794786050022474,0.843269774863565
beta_B,0.038157894736842106,0.6578947368421053,2,3.4955339098366247,1.6393005085484962,13.583137033653877,0.8569890254930149,0.18381404482348607,1.6810358372488299,0.8543456922065221
beta_B,0.04,0.6578947368421053,2,3.49553390994649,1.6393005085475731,16.395373408277067,0.8047783341931586,0.17968552004167118,1.682452613568273,0.8643788540112434
beta_B,0.005,0.7368421052631579,1,3.1064918055229964,1.6442268611011068,0.3297932409161729,3.1064918055230017,-9.134735036543338e-21,1.6442268611011068,0.3297932409161719
beta_B,0.006842105263157895,0.7368421052631579,1,3.1064918055461708,1.644226861101139,0.3297932409139885,3.1064918055461708,-6.796275451965147e-21,1.644226861101139,0.3297932409139885
beta_B,0.00868421052631579,0.7368421052631579,1,3.1064918056479947,1.6442268611012676,0.3297932409042474,3.1064918056479924,2.348362325915386e-21,1.6442268611012676,0.3297932409042478
beta_B,0.010526315789473686,0.7368421052631579,1,3.1064918056415496,1.6442268611012671,0.4175317604022331,3.1064918056415496,-2.763484915614201e-20,1.6442268611012671,0.41753176040223294
beta_B,0.01236842105263158,0.7368421052631579,1,3.1064918055594655,1.6442268611011823,0.5390880992634647,3.106491805559463,-5.862144425176848e-20,1.6442268611011823,0.5390880992634647
beta_B,0.014210526315789476,0.7368421052631579,1,3.106491805528136,1.6442268611011612,0.690228702133923,3.106491805528136,-1.0554707506304265e-19,1.6442268611011612,0.6902287021339227
beta_B,0.01605263157894737,0.7368421052631579,1,3.106491805515532,1.6442268611011646,0.8770627886561846,3.106491805521904,1.6896380870039834e-26,1.644226861101094,0.8770627886573849
beta_B,0.017894736842105265,0.7368421052631579,2,3.1064918055145605,1.644226861101086,1.1067854338692404,2.848272315360987,0.0340759459614414,1.6471602986556049,0.8899432333037166
beta_B,0.01973684210526316,0.7368421052631579,2,3.106491805499541,1.644226861101193,1.3878459233186111,2.38643398184825,0.08892404682057133,1.6529770442508473,0.6404092111103515
beta_B,0.021578947368421055,0.7368421052631579,2,3.106491805494336,1.6442268611012176,1.7301391339983812,2.04643895706663,0.122750456770123,1.657843632629167,0.6770304419975991
beta_B,0.02342105263157895,0.7368421052631579,2,3.1064918054883943,1.6442268611012476,2.1452227495166722,1.7873074384821963,0.14357752181097888,1.6619758795418367,0.7079735266628229
beta_B,0.025263157894736845,0.7368421052631579,2,3.1064918055032504,1.6442268611010742,2.6465634989690763,1.5841124732388931,0.1561352202594026,1.6655283533060015,0.7344282329824182
beta_B,0.02710526315789474,0.7368421052631579,2,3.1064918054765154,1.6442268611013307,3.2498157826735223,1.42098242982444,0.16331317641589563,1.6686149150862861,0.7572805040292167
beta_B,0.028947368421052635,0.7368421052631579,2,3.106491805468894,1.6442268611013848,3.9731365477888048,1.2874077231495118,0.166931175404108,1.6713213930568258,0.777202539049544
beta_B,0.03078947368421053,0.7368421052631579,2,3.1064918054610557,1.6442268611014506,4.837540844490766,1.1761907958605433,0.16816532935819123,1.6737137492954433,0.7947125327426076
beta_B,0.03263157894736842,0.7368421052631579,2,3.1064918054512094,1.6442268611015283,5.8673022751538495,1.0822565712746801,0.16779264506042976,1.6758435278380468,0.8102156086325295
beta_B,0.034473684210526316,0.7368421052631579,2,3.1064918054404878,1.6442268611016209,7.090404324702952,1.0019346452143785,0.1663360591670319,1.6777515944978705,0.8240325322113206
beta_B,0.03631578947368421,0.7368421052631579,2,3.1064918054272948,1.64422686110173,8.539047218637323,0.9325109074284602,0.16415299167426844,1.6794707665330526,0.8364202277402607
beta_B,0.038157894736842106,0.7368421052631579,2,3.1064918054123942,1.6442268611018596,10.25021801749273,0.8719387532148265,0.16149083294835812,1.681027700324753,0.8475866724065303
beta_B,0.04,0.7368421052631579,2,3.106491805394461,1.6442268611020117,12.266329239320086,0.8186479465148478,0.15852252347370774,1.6824442711603316,0.8577018660893592
beta_B,0.005,0.8157894736842105,1,2.7440019853281217,1.6491570018321207,0.3634455565243416,2.7440019853273605,-2.3872955524614976e-21,1.649157001832131,0.3634455565244817
beta_B,0.006842105263157895,0.8157894736842105,1,2.7440019853492545,1.6491570018321164,0.3634455565220681,2.7440019853492545,3.1217028913862665e-21,1.6491570018321164,0.3634455565220681
beta_B,0.00868421052631579,0.8157894736842105,1,2.744001985420994,1.64915700183206,0.3634455565140969,2.7440019854209923,1.545373313156875e-20,1.64915700183206,0.3634455565140972
beta_B,0.010526315789473686,0.8157894736842105,1,2.7440019855398745,1.649157001831968,0.37279092821004406,2.7440019855398745,2.3507399855003358e-20,1.649157001831968,0.3727909282100441
beta_B,0.01236842105263158,0.8157894736842105,1,2.7440019854467215,1.6491570018320536,0.47394605293237924,2.7440019854467215,3.549833502062653e-20,1.6491570018320536,0.47394605293237924
beta_B,0.014210526315789476,0.8157894736842105,1,2.7440019853557094,1.6491570018321435,0.5980224084780383,2.744001985355707,5.0008486102232424e-20,1.6491570018321435,0.5980224084780378
beta_B,0.01605263157894737,0.8157894736842105,1,2.744001985330619,1.6491570018321795,0.7494227084141198,2.744001985330619,1.7614726325992195e-20,1.6491570018321795,0.7494227084141198
beta_B,0.017894736842105265,0.8157894736842105,1,2.744001985323039,1.649157001832125,0.9332769824033113,2.7440019853225137,7.003820457240729e-14,1.6491570018321304,0.933276982402903
beta_B,0.01973684210526316,0.8157894736842105,2,2.7440019853073143,1.6491570018322357,1.1555473090876625,2.4387370234422003,0.03890763541394462,1.6529860480201604,0.8297551800578002
beta_B,0.021578947368421055,0.8157894736842105,2,2.744001985300768,1.649157001832264,1.423145849017494,2.089656305384949,0.07827525996251467,1.6578480265189224,0.6689345086446983
beta_B,0.02342105263157895,0.8157894736842105,2,2.744001985293037,1.6491570018322979,1.7440676853838615,1.8238313853129307,0.10353982994672399,1.6619768274772677,0.700120930670607
beta_B,0.025263157894736845,0.8157894736842105,2,2.7440019853042235,1.6491570018321429,2.1275401803072556,1.6155561362385122,0.11972728989680634,1.6655267288533682,0.7267857731322886
beta_B,0.02710526315789474,0.8157894736842105,2,2.7440019852810353,1.6491570018323776,2.584190554866065,1.4484706776173546,0.12992787941516876,1.6686113693795015,0.7498211825940243
beta_B,0.028947368421052635,0.8157894736842105,2,2.7440019852744495,1.6491570018324275,3.126233867735206,1.3117483963906231,0.1361014490322835,1.6713164118992414,0.7699040121798559
beta_B,0.03078947368421053,0.8157894736842105,2,2.7440019852675603,1.6491570018324857,3.767683478169163,1.1979792190415604,0.13952452978651306,1.6737076967113451,0.787556091635345
beta_B,0.03263157894736842,0.8157894736842105,2,2.7440019852594886,1.6491570018325534,4.524586451627995,1.1019414956035567,0.1410478458971371,1.6758366783554495,0.8031854549152799
beta_B,0.034473684210526316,0.8157894736842105,2,2.744001985250742,1.6491570018326327,5.415286677257694,1.0198611414722025,0.14124959634946901,1.677744156517205,0.8171152275144259
beta_B,0.03631578947368421,0.8157894736842105,2,2.7440019852943593,1.6491570018321522,6.460718412569672,0.9489490324562954,0.14052940796593288,1.6794628992880665,0.8296042665455622
beta_B,0.038157894736842106,0.8157894736842105,2,2.744001985228979,1.6491570018328334,7.684733729157438,0.8871031850690784,0.13916744598671488,1.6810195262213465,0.8408621451283477
beta_B,0.04,0.8157894736842105,2,2.74400198521584,1.6491570018329589,9.114467171897635,0.8327117352018966,0.13736248120387565,1.6824358847901562,0.851060188983487
beta_B,0.005,0.8947368421052632,1,2.40638653862771,1.654105923198195,0.399651609393792,2.40638653862771,-4.292061878107757e-21,1.654105923198195,0.399651609393792
beta_B,0.006842105263157895,0.8947368421052632,1,2.4063865386479844,1.6541059231981383,0.3996516093911825,2.4063865386479844,-2.585081101219854e-20,1.6541059231981383,0.3996516093911825
beta_B,0.00868421052631579,0.8947368421052632,1,2.4063865387051675,1.6541059231979727,0.39965160938382005,2.4063865387051675,-5.615046795006827e-21,1.6541059231979727,0.39965160938382005
beta_B,0.010526315789473686,0.8947368421052632,1,2.406386538917183,1.6541059231973618,0.3996516093562987,2.406386538917183,5.2721087394245305e-21,1.6541059231973618,0.3996516093562987
beta_B,0.01236842105263158,0.8947368421052632,1,2.406386538922485,1.6541059231973456,0.4158663735131121,2.406386538922485,-3.59759855781942e-20,1.6541059231973456,0.4158663735131121
beta_B,0.014210526315789476,0.8947368421052632,1,2.4063865387642926,1.6541059231978177,0.5169061361287952,2.406386538764295,5.143369063073162e-22,1.6541059231978175,0.5169061361287947
beta_B,0.01605263157894737,0.8947368421052632,1,2.4063865386636403,1.6541059231981274,0.6385645356060626,2.4063865386636403,1.7121534224093266e-20,1.6541059231981272,0.6385645356060623
beta_B,0.017894736842105265,0.8947368421052632,1,2.406386538635259,1.6541059231982242,0.7844240453181198,2.406386538635259,-1.796665888021469e-19,1.6541059231982242,0.7844240453181196
beta_B,0.01973684210526316,0.8947368421052632,1,2.406386538627311,1.6541059231981874,0.9586042773027267,2.4063865386272894,8.581588972647312e-16,1.6541059231981896,0.9586042773027167
beta_B,0.021578947368421055,0.8947368421052632,2,2.4063865386067516,1.6541059231983404,1.1658323581161474,2.1337305462646516,0.03367865982778892,1.6578525778042756,0.8084296318493689
beta_B,0.02342105263157895,0.8947368421052632,2,2.406386538597348,1.6541059231983883,1.4115214710076833,1.8610478782118829,0.06341200566110185,1.6619778970486327,0.692290072583755
beta_B,0.025263157894736845,0.8947368421052632,2,2.4063865385910974,1.6541059231984296,1.7018583792784963,1.6475709613788652,0.08325246764067375,1.6655251934060025,0.7191676295059798
beta_B,0.02710526315789474,0.8947368421052632,2,2.406386538582729,1.6541059231984812,2.0439008509451737,1.4764383329030701,0.09649319989810268,1.6686078844405872,0.7423882680834427
beta_B,0.028947368421052635,0.8947368421052632,2,2.40638653857695,1.6541059231985291,2.445686076318398,1.3364976463421525,0.10523570470767718,1.6713114677676941,0.7626336442049477
beta_B,0.03078947368421053,0.8947368421052632,2,2.4063865385694263,1.6541059231985875,2.9163509905213107,1.220120497742548,0.11085803705772858,1.6737016615760474,0.7804293141113222
beta_B,0.03263157894736842,0.8947368421052632,2,2.4063865385630474,1.6541059231986484,3.4662659708174988,1.1219347007696387,0.11428541581402465,1.6758298302429449,0.7961862750820815
beta_B,0.034473684210526316,0.8947368421052632,2,2.406386538554869,1.6541059231987212,4.107182892021664,1.0380597208740159,0.11615185862545456,1.677736706775534,0.8102300513693255
beta_B,0.03631578947368421,0.8947368421052632,2,2.4063865385472636,1.6541059231987998,4.852399347706126,0.9656294486904474,0.11689960222261038,1.6794550095847995,0.8228214603649755
beta_B,0.038157894736842106,0.8947368421052632,2,2.4063865385864256,1.6541059231983115,5.716940119387059,0.9024850919924243,0.1168418828490035,1.6810113209537079,0.8341716912298411
beta_B,0.04,0.8947368421052632,2,2.4063865385279537,1.654105923198997,6.7177581928031636,0.8469721028917352,0.11620352214409542,1.6824274601816247,0.8444534117036497
beta_B,0.005,0.9736842105263157,1,2.092045525036887,1.6590896306346548,0.43862442085144526,2.092045525036888,-4.6935312419122416e-21,1.6590896306346548,0.43862442085144504
beta_B,0.006842105263157895,0.9736842105263157,1,2.092045525059234,1.659089630634542,0.43862442084812314,2.092045525059234,1.163613102643922e-21,1.659089630634542,0.43862442084812314
beta_B,0.00868421052631579,0.9736842105263157,1,2.0920455251064998,1.6590896306343001,0.43862442084107955,2.0920455251064998,-1.1577120494683441e-20,1.6590896306343001,0.43862442084107955
beta_B,0.010526315789473686,0.9736842105263157,1,2.0920455252368666,1.659089630633633,0.4386244208214784,2.0920455252368666,-2.2761132288980292e-20,1.659089630633633,0.4386244208214784
beta_B,0.01236842105263158,0.9736842105263157,1,2.092045525497509,1.6590896306323037,0.43862442078266195,2.092045525497509,2.6849889288004175e-20,1.6590896306323037,0.43862442078266195
beta_B,0.014210526315789476,0.9736842105263157,1,2.092045525400087,1.6590896306328016,0.4454992837874134,2.092045525400087,7.267180529352028e-21,1.6590896306328016,0.4454992837874134
beta_B,0.01605263157894737,0.9736842105263157,1,2.0920455251654215,1.6590896306340177,0.5422565139139194,2.0920455251654215,-8.162644982250665e-20,1.6590896306340177,0.5422565139139194
beta_B,0.017894736842105265,0.9736842105263157,1,2.0920455250889676,1.6590896306344234,0.6567401500983706,2.0920455250889676,-1.148013156857252e-19,1.6590896306344234,0.6567401500983704
beta_B,0.01973684210526316,0.9736842105263157,1,2.09204552505272,1.6590896306346228,0.791724530306325,2.092045525052719,-9.444468737556307e-21,1.6590896306346228,0.7917245303063235
beta_B,0.021578947368421055,0.9736842105263157,1,2.092045525041087,1.6590896306346254,0.9503596427287371,2.0920455250376473,4.568496331849229e-13,1.6590896306346803,0.9503596427246778
beta_B,0.02342105263157895,0.9736842105263157,2,2.0920455250216494,1.6590896306348106,1.1362156607039668,1.8989693804423997,0.023189831664553216,1.6619790959610354,0.845168176362354
beta_B,0.025263157894736845,0.9736842105263157,2,2.0920455250080034,1.659089630634898,1.3533321465349575,1.680166876564465,0.04670701426625506,1.6655237546754118,0.7115731049252464
beta_B,0.02710526315789474,0.9736842105263157,2,2.092045525013034,1.6590896306347722,1.6062723930773037,1.5048934054825824,0.06300579900499637,1.6686044679196261,0.7349811466368577
beta_B,0.028947368421052635,0.9736842105263157,2,2.0920455249921437,1.6590896306350205,1.9001833130434476,1.3616620212048232,0.07433093730274001,1.6713065680987318,0.7553908795655733
beta_B,0.03078947368421053,0.9736842105263157,2,2.092045524983923,1.6590896306350882,2.2408614629983057,1.2426200537215712,0.08216312469654415,1.6736956509769834,0.7733316835015245
beta_B,0.03263157894736842,0.9736842105263157,2,2.092045524977485,1.6590896306351501,2.6348257394504877,1.142240723399982,0.08750286391032121,1.6758229902913122,0.7892175829628588
beta_B,0.034473684210526316,0.9736842105263157,2,2.0920455249696492,1.6590896306352234,3.089397288745103,1.0565342187581026,0.09104055517008516,1.6777292517443014,0.8033765399789835
beta_B,0.03631578947368421,0.9736842105263157,2,2.0920455249622587,1.659089630635299,3.612787427811355,0.9825554284504563,0.09326145511491798,1.6794471035866745,0.8160713624696817
beta_B,0.038157894736842106,0.9736842105263157,2,2.092045524954654,1.659089630635381,4.214194109090241,0.9180872890186211,0.09451217248844503,1.6810030903996247,0.8275148777440586
beta_B,0.04,0.9736842105263157,2,2.092045524945742,1.659089630635476,4.903907828912204,0.8614314894370535,0.09504380445191217,1.6824190029475492,0.8378811125326295
beta_B,0.005,1.0526315789473684,1,1.799456105411418,1.6641252837245657,0.48059265152625424,1.799456105411418,-4.9437786207584995e-21,1.6641252837245657,0.48059265152625424
beta_B,0.006842105263157895,1.0526315789473684,1,1.7994561054317246,1.6641252837244145,0.48059265152275454,1.7994561054317246,-1.2914061055193467e-20,1.6641252837244145,0.48059265152275454
beta_B,0.00868421052631579,1.0526315789473684,1,1.7994561054694136,1.6641252837241325,0.4805926515162521,1.7994561054694134,-1.987344436666089e-21,1.6641252837241325,0.48059265151625247
beta_B,0.010526315789473686,1.0526315789473684,1,1.7994561055471603,1.6641252837235496,0.4805926515027493,1.7994561055471603,-8.724608145185107e-21,1.6641252837235496,0.4805926515027493
beta_B,0.01236842105263158,1.0526315789473684,1,1.7994561057741438,1.6641252837218474,0.4805926514633951,1.7994561057741438,-1.4480291598248896e-20,1.6641252837218474,0.4805926514633951
beta_B,0.014210526315789476,1.0526315789473684,1,1.7994561057967375,1.6641252837216773,0.4805926514600424,1.7994561057967375,-4.183861948588294e-20,1.6641252837216773,0.4805926514600424
beta_B,0.01605263157894737,1.0526315789473684,1,1.7994561057964102,1.6641252837216802,0.4805926514609265,1.7994561057964074,-9.906633892445611e-21,1.6641252837216802,0.48059265146092744
beta_B,0.017894736842105265,1.0526315789473684,1,1.7994561056375973,1.664125283722884,0.5472650863010927,1.7994561056375975,1.9608056512989356e-20,1.664125283722884,0.5472650863010935
beta_B,0.01973684210526316,1.0526315789473684,1,1.799456105524237,1.6641252837237486,0.650449171661926,1.799456105524237,3.161935292326098e-20,1.6641252837237486,0.6504491716619257
beta_B,0.021578947368421055,1.0526315789473684,1,1.7994561054498457,1.6641252837243214,0.7701736781529879,1.7994561054498457,1.8503639714426771e-19,1.6641252837243214,0.7701736781529877
beta_B,0.02342105263157895,1.0526315789473684,1,1.799456105424408,1.664125283724461,0.9087178468568565,1.7994561054244076,-5.2689763185978466e-24,1.6641252837244607,0.9087178468568572
beta_B,0.025263157894736845,1.0526315789473684,2,1.7994561054102554,1.6641252837245684,1.0686339618965945,1.713353958157473,0.010087235967280431,1.665522420219553,0.9274537802139382
beta_B,0.02710526315789474,1.0526315789473684,2,1.7994561053867362,1.6641252837248341,1.2527760954544223,1.5338440361218058,0.029462377504299232,1.6686011271858368,0.7275991725264912
beta_B,0.028947368421052635,1.0526315789473684,2,1.7994561053733718,1.6641252837249503,1.4643315504310899,1.3872481753904171,0.04338417857750477,1.6713017201188953,0.7481751359171037
beta_B,0.03078947368421053,1.0526315789473684,2,1.7994561053666285,1.6641252837250184,1.706855215819687,1.2654833946578479,0.053437101575796314,1.6736896718663083,0.7662626626777386
beta_B,0.03263157894736842,1.0526315789473684,2,1.7994561053547724,1.6641252837251275,1.9843070401382694,1.1628641750139435,0.06069773228733432,1.6758161650959467,0.7822788724096682
beta_B,0.034473684210526316,1.0526315789473684,2,1.7994561053492462,1.6641252837251908,2.3010930085125,1.0752885322559513,0.06591342699254613,1.677721797743168,0.7965542126757579
beta_B,0.03631578947368421,1.0526315789473684,2,1.7994561053393225,1.6641252837252907,2.662109676423149,0.999730296400677,0.06961287793297294,1.6794391873155898,0.8093535110963043
beta_B,0.038157894736842106,1.0526315789473684,2,1.7994561053321458,1.6641252837253726,3.0727928719355466,0.9339126360341395,0.07217637332243901,1.680994840298422,0.8208912576271078
beta_B,0.04,1.0526315789473684,2,1.799456105324539,1.6641252837254616,3.539170547788443,0.8760923734493974,0.0738815146716557,1.6824105185634326,0.8313428561426686
beta_B,0.005,1.131578947368421,1,1.5271711549663758,1.6692313655092357,0.5258013251149786,1.5271711549663758,1.581594574750356e-21,1.6692313655092357,0.5258013251149786
beta_B,0.006842105263157895,1.131578947368421,1,1.5271711549848395,1.6692313655090503,0.5258013251113035,1.5271711549848388,-5.1303942828008705e-21,1.6692313655090503,0.5258013251113037
beta_B,0.00868421052631579,1.131578947368421,1,1.527171155017379,1.6692313655087225,0.5258013251048357,1.527171155017379,-6.900923492975909e-21,1.6692313655087225,0.5258013251048357
beta_B,0.010526315789473686,1.131578947368421,1,1.5271711550737803,1.6692313655081534,0.5258013250935785,1.5271711550737788,-3.450051185407554e-21,1.6692313655081534,0.5258013250935791
beta_B,0.01236842105263158,1.131578947368421,1,1.5271711552064922,1.6692313655068134,0.5258013250670349,1.5271711552064922,-6.10180845621608e-21,1.6692313655068134,0.525801325067035
beta_B,0.014210526315789476,1.131578947368421,1,1.5271711554690404,1.6692313655041637,0.5258013250146726,1.5271711554690424,-8.270398545239873e-21,1.6692313655041635,0.5258013250146715
beta_B,0.01605263157894737,1.131578947368421,1,1.5271711554548741,1.6692313655043038,0.5258013250183938,1.5271711554548755,-1.0252781715766169e-20,1.6692313655043038,0.5258013250183932
beta_B,0.017894736842105265,1.131578947368421,1,1.5271711555874832,1.6692313655029654,0.5258013249931833,1.5271711555874832,-4.888358812187154e-20,1.6692313655029654,0.5258013249931833
beta_B,0.01973684210526316,1.131578947368421,1,1.5271711553742968,1.669231365505124,0.5310174080658604,1.5271711553742968,-2.582777031628853e-20,1.669231365505124,0.5310174080658605
beta_B,0.021578947368421055,1.131578947368421,1,1.5271711551624043,1.6692313655072788,0.6197881430413457,1.527171155162405,2.579011421137176e-20,1.6692313655072788,0.6197881430413456
beta_B,0.02342105263157895,1.131578947368421,1,1.5271711550533282,1.669231365508394,0.7211919060637555,1.5271711550533265,1.3700750207409744e-20,1.669231365508394,0.7211919060637538
beta_B,0.025263157894736845,1.131578947368421,1,1.5271711550069738,1.669231365508873,0.8367756326813626,1.5271711550141291,1e-12,1.6692313655087456,0.8367756326768941
beta_B,0.02710526315789474,1.131578947368421,1,1.5271711549851132,1.669231365509104,0.9682510545887987,1.5271711549936304,-2.2028208338656184e-19,1.6692313655089535,0.9682510545946539
beta_B,0.028947368421052635,1.131578947368421,2,1.5271711549598235,1.6692313655093713,1.1175101317102678,1.4132628731030903,0.012392496445385042,1.6712969307972658,0.8590073296306512
beta_B,0.03078947368421053,1.131578947368421,2,1.5271711549562206,1.6692313655093338,1.2866417864139963,1.2887161183025377,0.02467731068768929,1.673683730990503,0.7592216909404811
beta_B,0.03263157894736842,1.131578947368421,2,1.5271711549328397,1.6692313655096696,1.477949995886748,1.1838097378155676,0.03386759636301016,1.6758093611702878,0.7753696201923235
beta_B,0.034473684210526316,1.131578947368421,2,1.5271711549202567,1.6692313655098117,1.693973379242476,1.0943266227655808,0.0407682461216654,1.6777143509040402,0.7897625707528816
beta_B,0.03631578947368421,1.131578947368421,2,1.5271711549105944,1.669231365509926,1.937506383491659,1.0171574311974791,0.04595181187284133,1.6794312666316265,0.8026674286115565
beta_B,0.038157894736842106,1.131578947368421,2,1.5271711549020812,1.6692313655100302,2.2116221583599227,0.9499640381580897,0.04983257274171953,1.6809865762594056,0.8143003701548924
beta_B,0.04,1.131578947368421,2,1.5271711548922016,1.6692313655101503,2.5196972756098,0.8909572724767578,0.05271486731730154,1.6824020123803325,0.8248381946715307
beta_B,0.005,1.2105263157894737,1,1.273817418086403,1.6744278859767834,0.5745124370990127,1.273817418086403,-2.025403226675981e-21,1.6744278859767834,0.5745124370990127
beta_B,0.006842105263157895,1.2105263157894737,1,1.2738174180971105,1.6744278859766457,0.5745124370965053,1.2738174180971105,-1.404301254367329e-20,1.6744278859766457,0.5745124370965053
beta_B,0.00868421052631579,1.2105263157894737,1,1.2738174181217936,1.674427885976327,0.5745124370908395,1.2738174181217936,-1.1916722564782641e-20,1.674427885976327,0.5745124370908395
beta_B,0.010526315789473686,1.2105263157894737,1,1.2738174181650823,1.6744278859757669,0.5745124370809296,1.2738174181650823,8.94609968863521e-22,1.6744278859757669,0.5745124370809296
beta_B,0.01236842105263158,1.2105263157894737,1,1.2738174182391517,1.6744278859748074,0.5745124370639156,1.2738174182391517,1.8814954691541876e-20,1.6744278859748074,0.5745124370639156
beta_B,0.014210526315789476,1.2105263157894737,1,1.2738174183993762,1.6744278859727324,0.5745124370269942,1.273817418399377,3.4355987487529256e-21,1.6744278859727324,0.5745124370269941
beta_B,0.01605263157894737,1.2105263157894737,1,1.2738174186620586,1.6744278859693316,0.574512436966644,1.2738174186620586,7.669793526898916e-21,1.6744278859693316,0.574512436966644
beta_B,0.017894736842105265,1.2105263157894737,1,1.2738174187781068,1.6744278859678259,0.5745124369410908,1.2738174187781068,-1.5205534317208267e-20,1.6744278859678259,0.5745124369410908
beta_B,0.01973684210526316,1.2105263157894737,1,1.2738174187383067,1.6744278859683395,0.5745124369513611,1.273817418738306,2.4816713471627037e-20,1.6744278859683397,0.5745124369513614
beta_B,0.021578947368421055,1.2105263157894737,1,1.2738174186969742,1.6744278859688764,0.5745124369617269,1.2738174186969742,-1.549698643811089e-20,1.6744278859688764,0.5745124369617269
beta_B,0.02342105263157895,1.2105263157894737,1,1.2738174187223734,1.6744278859685495,0.5745124369570054,1.2738174187223734,1.5192516925825319e-21,1.6744278859685495,0.5745124369570054
beta_B,0.025263157894736845,1.2105263157894737,1,1.2738174183167734,1.674427885973823,0.6486842725532502,1.2738174183167734,2.88100569237491e-20,1.674427885973823,0.6486842725532502
beta_B,0.02710526315789474,1.2105263157894737,1,1.273817418223385,1.674427885975043,0.7402745141319621,1.273817418223385,-1.4448610338450045e-19,1.674427885975043,0.7402745141319621
beta_B,0.028947368421052635,1.2105263157894737,1,1.2738174181536261,1.6744278859759572,0.8429521344779916,1.273817418161261,1e-12,1.6744278859758066,0.8429521344717483
beta_B,0.03078947368421053,1.2105263157894737,1,1.273817418120811,1.6744278859763313,0.957878649057577,1.2738174181209079,-9.66331024977558e-15,1.6744278859763297,0.9578786490577845
beta_B,0.03263157894736842,1.2105263157894737,2,1.273817418107487,1.6744278859765045,1.0863219170427514,1.2050821723736054,0.007010063084654283,1.675802584795001,0.9003217121500574
beta_B,0.034473684210526316,1.2105263157894737,2,1.2738174180663242,1.6744278859771182,1.2296647226688677,1.1136525112229092,0.015602815908229062,1.6777069172969843,0.7830011006457844
beta_B,0.03631578947368421,1.2105263157894737,2,1.2738174180719042,1.6744278859769677,1.3894140116135307,1.0348402626131437,0.02227622804191804,1.6794233473185918,0.7960126238372096
beta_B,0.038157894736842106,1.2105263157894737,2,1.2738174180380888,1.6744278859775068,1.5672107223802378,0.966244447761717,0.027478886368694982,1.680978303730606,0.807741739953478
beta_B,0.04,1.2105263157894737,2,1.273817418031607,1.6744278859776034,1.7648404014580172,0.9060287445595628,0.031542104196708276,1.6823934896022474,0.8183666669998623
beta_B,0.005,1.2894736842105263,1,1.0380932569576375,1.6797366275018135,0.6270053768396201,1.0380932569576375,-5.525082825456016e-21,1.6797366275018135,0.6270053768396201
beta_B,0.006842105263157895,1.2894736842105263,1,1.0380932569733854,1.67973662750156,0.6270053768354995,1.0380932569733854,-1.0134745506125231e-20,1.67973662750156,0.6270053768354995
beta_B,0.00868421052631579,1.2894736842105263,1,1.0380932569876855,1.6797366275013303,0.627005376831672,1.0380932569876855,5.9319981315404605e-21,1.6797366275013303,0.627005376831672
beta_B,0.010526315789473686,1.2894736842105263,1,1.0380932570187575,1.6797366275008299,0.6270053768235042,1.0380932570187575,-1.1379263173466662e-20,1.6797366275008299,0.6270053768235042
beta_B,0.01236842105263158,1.2894736842105263,1,1.038093257072706,1.6797366274999592,0.6270053768093741,1.038093257072706,-1.4020352722430095e-20,1.6797366274999592,0.6270053768093741
beta_B,0.014210526315789476,1.2894736842105263,1,1.0380932571482544,1.6797366274987409,0.6270053767894379,1.0380932571482544,-3.086430989182339e-21,1.6797366274987409,0.6270053767894379
beta_B,0.01605263157894737,1.2894736842105263,1,1.0380932572951385,1.6797366274963716,0.6270053767506262,1.0380932572951385,-2.5035898360546725e-20,1.6797366274963716,0.6270053767506262
beta_B,0.017894736842105265,1.2894736842105263,1,1.0380932575714266,1.6797366274919168,0.6270053766775076,1.0380932575714272,-1.463952911682354e-20,1.6797366274919168,0.6270053766775078
beta_B,0.01973684210526316,1.2894736842105263,1,1.0380932577806636,1.6797366274885424,0.6270053766229284,1.0380932577806636,-3.4052691295399675e-20,1.6797366274885424,0.6270053766229284
beta_B,0.021578947368421055,1.2894736842105263,1,1.0380932576131852,1.6797366274912395,0.6270053766683279,1.0380932576131852,-1.1483441886415027e-20,1.6797366274912395,0.6270053766683279
beta_B,0.02342105263157895,1.2894736842105263,1,1.0380932576264217,1.6797366274910253,0.627005376665994,1.0380932576264217,-1.6010879259904777e-20,1.6797366274910253,0.627005376665994
beta_B,0.025263157894736845,1.2894736842105263,1,1.0380932577961959,1.679736627488285,0.6270053766230215,1.0380932577961959,1.6890231825824208e-20,1.679736627488285,0.6270053766230214
beta_B,0.02710526315789474,1.2894736842105263,1,1.0380932574257733,1.6797366274942718,0.6270053767193575,1.0380932574257733,-3.9803912900696435e-20,1.6797366274942718,0.6270053767193575
beta_B,0.028947368421052635,1.2894736842105263,1,1.0380932575245523,1.6797366274926786,0.627005376694745,1.0380932575245523,2.6878204068112778e-21,1.6797366274926786,0.627005376694745
beta_B,0.03078947368421053,1.2894736842105263,1,1.0380932572742498,1.6797366274967298,0.702514567993623,1.0380932572742498,2.1886026091893906e-20,1.6797366274967298,0.7025145679936228
beta_B,0.03263157894736842,1.2894736842105263,1,1.0380932570907877,1.6797366274997028,0.7858308397159482,1.0380932570907877,1.562608235142528e-20,1.6797366274997028,0.7858308397159482
beta_B,0.034473684210526316,1.2894736842105263,1,1.0380932570467896,1.6797366275004204,0.8776514148177379,1.038093256991618,4.772769127768713e-12,1.679736627501767,0.8776514146752268
beta_B,0.03631578947368421,1.2894736842105263,1,1.0380932570219266,1.6797366275007697,0.9787298413283375,1.0380932570219301,-1.2635077974559475e-16,1.6797366275007695,0.9787298413283437
beta_B,0.038157894736842106,1.2894736842105263,2,1.0380932569765806,1.6797366275015693,1.0898781647918019,0.9827568603271869,0.005113458173949753,1.6809700281137339,0.8871564081855393
beta_B,0.04,1.2894736842105263,2,1.0380932569551664,1.6797366275019234,1.2119709456387584,0.921309385442977,0.010361494369474443,1.6823849553705328,0.8119278013819137
beta_B,0.005,1.3684210526315788,1,0.818766037872046,1.6851814423377975,0.6835770609101536,0.8187660378720452,-3.743147166218912e-21,1.6851814423377973,0.6835770609101542
beta_B,0.006842105263157895,1.3684210526315788,1,0.8187660378653827,1.68518144233793,0.6835770609119958,0.8187660378653827,-1.7945055329839635e-20,1.68518144233793,0.6835770609119958
beta_B,0.00868421052631579,1.3684210526315788,1,0.818766037881226,1.6851814423376186,0.6835770609072271,0.8187660378812263,-8.252065266341243e-21,1.6851814423376186,0.6835770609072276
beta_B,0.010526315789473686,1.3684210526315788,1,0.8187660378980237,1.6851814423372884,0.6835770609021198,0.8187660378980237,-3.1582292969996616e-21,1.6851814423372884,0.6835770609021198
beta_B,0.01236842105263158,1.3684210526315788,1,0.8187660379336359,1.6851814423365874,0.6835770608914494,0.8187660379336352,2.6993025865202444e-21,1.6851814423365874,0.6835770608914494
beta_B,0.014210526315789476,1.3684210526315788,1,0.8187660379709473,1.685181442335853,0.6835770608801461,0.8187660379709452,-8.347608868007344e-21,1.685181442335853,0.6835770608801467
beta_B,0.01605263157894737,1.3684210526315788,1,0.8187660380375186,1.6851814423345417,0.6835770608601043,0.818766038037516,2.8955931921139315e-21,1.6851814423345417,0.6835770608601056
beta_B,0.017894736842105265,1.3684210526315788,1,0.818766038143626,1.6851814423324516,0.6835770608280977,0.818766038143626,-8.432142445304358e-21,1.6851814423324516,0.6835770608280977
beta_B,0.01973684210526316,1.3684210526315788,1,0.8187660383240288,1.6851814423288984,0.683577060773457,0.8187660383240293,-2.2919151250959196e-21,1.6851814423288984,0.6835770607734563
beta_B,0.021578947368421055,1.3684210526315788,1,0.8187660386080273,1.6851814423233071,0.6835770606873842,0.8187660386080263,3.228899723049135e-20,1.6851814423233071,0.6835770606873844
beta_B,0.02342105263157895,1.3684210526315788,1,0.8187660386660146,1.6851814423221618,0.6835770606709353,0.8187660386660146,-3.317509669023031e-20,1.6851814423221618,0.6835770606709353
beta_B,0.025263157894736845,1.3684210526315788,1,0.8187660388073261,1.6851814423193774,0.6835770606294375,0.8187660388073261,-2.246072597833646e-20,1.6851814423193772,0.6835770606294375
beta_B,0.02710526315789474,1.3684210526315788,1,0.8187660386508882,1.6851814423224574,0.683577060677773,0.8187660386508882,-3.5506255840447225e-20,1.6851814423224574,0.683577060677773
beta_B,0.028947368421052635,1.3684210526315788,1,0.8187660385749813,1.6851814423239548,0.6835770607012492,0.8187660385749819,1.4154863276023728e-20,1.6851814423239548,0.6835770607012489
beta_B,0.03078947368421053,1.3684210526315788,1,0.8187660386799624,1.6851814423218867,0.6835770606708681,0.8187660386799631,1.3240253146236183e-20,1.6851814423218867,0.6835770606708675
beta_B,0.03263157894736842,1.3684210526315788,1,0.8187660385227159,1.6851814423249882,0.6835770607184566,0.8187660385227157,2.8005194233812055e-20,1.6851814423249882,0.6835770607184569
beta_B,0.034473684210526316,1.3684210526315788,1,0.8187660383476009,1.6851814423284464,0.6835770607705485,0.8187660383476013,3.203850872526536e-20,1.6851814423284461,0.683577060770548
beta_B,0.03631578947368421,1.3684210526315788,1,0.8187660384554798,1.6851814423263198,0.6835770607397234,0.8187660384554813,1.1578526358412515e-19,1.6851814423263198,0.6835770607397225
beta_B,0.038157894736842106,1.3684210526315788,1,0.8187660381140358,1.6851814423330618,0.7407332662524845,0.8187660381140366,8.511469793062404e-21,1.6851814423330618,0.7407332662524854
beta_B,0.04,1.3684210526315788,1,0.8187660380783103,1.6851814423337708,0.8124651576622466,0.8187660380783107,1.4697891878917983e-19,1.6851814423337708,0.8124651576622467
beta_B,0.005,1.4473684210526314,1,0.6146691878262169,1.6907886154471128,0.7445416315563337,0.6146691878262172,-8.615953044185508e-21,1.6907886154471128,0.7445416315563338
beta_B,0.006842105263157895,1.4473684210526314,1,0.6146691878199794,1.6907886154472618,0.7445416315583822,0.614669187819979,-2.2881540382482176e-22,1.690788615447262,0.744541631558383
beta_B,0.00868421052631579,1.4473684210526314,1,0.6146691878285672,1.6907886154470588,0.7445416315554302,0.6146691878285633,-6.853110393696748e-21,1.6907886154470588,0.7445416315554326
beta_B,0.010526315789473686,1.4473684210526314,1,0.6146691878270237,1.6907886154470964,0.7445416315558081,0.6146691878270234,-8.396597912771587e-21,1.6907886154470964,0.7445416315558079
beta_B,0.01236842105263158,1.4473684210526314,1,0.614669187849486,1.690788615446564,0.7445416315481288,0.6146691878494855,4.692219789056304e-21,1.690788615446564,0.7445416315481297
beta_B,0.014210526315789476,1.4473684210526314,1,0.6146691878701948,1.690788615446073,0.744541631540981,0.6146691878701944,-4.119823124021505e-21,1.6907886154460732,0.7445416315409814
beta_B,0.01605263157894737,1.4473684210526314,1,0.6146691879024146,1.6907886154453093,0.7445416315299085,0.6146691879024141,-1.2243563516008006e-21,1.6907886154453093,0.7445416315299087
beta_B,0.017894736842105265,1.4473684210526314,1,0.6146691879445749,1.6907886154443093,0.7445416315154143,0.614669187944573,-1.1034396712691672e-20,1.6907886154443093,0.7445416315154152
beta_B,0.01973684210526316,1.4473684210526314,1,0.6146691880022174,1.6907886154429421,0.7445416314955707,0.6146691880022157,-8.499866444318395e-21,1.6907886154429421,0.7445416314955721
beta_B,0.021578947368421055,1.4473684210526314,1,0.6146691880781595,1.6907886154411407,0.7445416314693347,0.6146691880781595,1.168099951621847e-20,1.6907886154411407,0.7445416314693343
beta_B,0.02342105263157895,1.4473684210526314,1,0.6146691882127325,1.6907886154379477,0.7445416314230006,0.6146691882127322,-3.3174263451166006e-20,1.6907886154379477,0.7445416314230011
beta_B,0.025263157894736845,1.4473684210526314,1,0.6146691884109033,1.6907886154332465,0.7445416313544259,0.6146691884109048,6.534751678821102e-21,1.6907886154332465,0.744541631354425
beta_B,0.02710526315789474,1.4473684210526314,1,0.6146691887467272,1.6907886154252803,0.7445416312383879,0.614669188746726,8.548362331110018e-22,1.6907886154252803,0.7445416312383887
beta_B,0.028947368421052635,1.4473684210526314,1,0.614669188746799,1.6907886154252774,0.7445416312392765,0.6146691887467998,-2.1113678708613586e-20,1.6907886154252774,0.7445416312392762
beta_B,0.03078947368421053,1.4473684210526314,1,0.6146691887632517,1.690788615424886,0.7445416312346772,0.6146691887632514,3.306798689832428e-20,1.690788615424886,0.7445416312346778
beta_B,0.03263157894736842,1.4473684210526314,1,0.6146691887294625,1.6907886154256873,0.744541631247339,0.6146691887294627,-1.4302630327896125e-20,1.6907886154256873,0.744541631247339
beta_B,0.034473684210526316,1.4473684210526314,1,0.6146691886828065,1.6907886154267946,0.7445416312642461,0.6146691886828081,-2.711501420486967e-20,1.6907886154267944,0.7445416312642454
beta_B,0.03631578947368421,1.4473684210526314,1,0.6146691886339717,1.6907886154279546,0.7445416312817547,0.6146691886339722,2.9140678348867772e-21,1.6907886154279546,0.7445416312817544
beta_B,0.038157894736842106,1.4473684210526314,1,0.6146691886180247,1.6907886154283074,0.7445416312863411,0.6146691886180238,1e-12,1.6907886154283074,0.7445416312769096
beta_B,0.04,1.4473684210526314,1,0.6146691885668274,1.6907886154295508,0.7445416313061934,0.6146691885668276,3.168336450498972e-20,1.6907886154295508,0.7445416313061938
beta_B,0.005,1.526315789473684,1,0.42469894169116673,1.6965873103266522,0.810229509464691,0.4246989416911671,-9.173794278885894e-21,1.6965873103266522,0.810229509464691
beta_B,0.006842105263157895,1.526315789473684,1,0.4246989416479364,1.696587310327877,0.8102295094812851,0.4246989416479365,-3.3086572208815798e-21,1.696587310327877,0.8102295094812851
beta_B,0.00868421052631579,1.526315789473684,1,0.4246989416288301,1.6965873103284188,0.8102295094885872,0.42469894162883004,7.4550743227657e-22,1.6965873103284188,0.8102295094885867
beta_B,0.010526315789473686,1.526315789473684,1,0.424698941628118,1.6965873103284395,0.8102295094888192,0.4246989416281175,4.002158297472971e-21,1.6965873103284395,0.8102295094888193
beta_B,0.01236842105263158,1.526315789473684,1,0.42469894163725613,1.6965873103281812,0.8102295094852593,0.4246989416372574,-3.6607839282878906e-21,1.6965873103281812,0.8102295094852587
beta_B,0.014210526315789476,1.526315789473684,1,0.4246989416519014,1.6965873103277673,0.8102295094795716,0.42469894165189964,-4.23014429925293e-21,1.6965873103277673,0.810229509479573
beta_B,0.01605263157894737,1.526315789473684,1,0.4246989416511255,1.69658731032779,0.8102295094797495,0.42469894165112554,4.608751287577308e-21,1.69658731032779,0.8102295094797499
beta_B,0.017894736842105265,1.526315789473684,1,0.4246989416715647,1.6965873103272118,0.8102295094717858,0.42469894167156297,3.1807974336730078e-21,1.696587310327212,0.8102295094717866
beta_B,0.01973684210526316,1.526315789473684,1,0.42469894170019407,1.6965873103264022,0.8102295094606591,0.42469894170180983,1e-12,1.6965873103263502,0.8102295094585761
beta_B,0.021578947368421055,1.526315789473684,1,0.42469894171655825,1.6965873103259395,0.8102295094541728,0.4246989417165588,5.770477990294019e-21,1.6965873103259395,0.8102295094541733
beta_B,0.02342105263157895,1.526315789473684,1,0.4246989417529127,1.6965873103249112,0.8102295094399832,0.42469894175291495,6.720785931443664e-22,1.696587310324911,0.8102295094399814
beta_B,0.025263157894736845,1.526315789473684,1,0.42469894180251755,1.6965873103235074,0.810229509420649,0.42469894180251794,5.663905179161616e-22,1.6965873103235074,0.8102295094206485
beta_B,0.02710526315789474,1.526315789473684,1,0.4246989418416757,1.6965873103223996,0.810229509405187,0.4246989418416756,3.2379710428575507e-21,1.6965873103223998,0.8102295094051877
beta_B,0.028947368421052635,1.526315789473684,1,0.42469894191786045,1.696587310320244,0.8102295093754026,0.4246989419178616,1.5960601380504471e-21,1.6965873103202438,0.8102295093754014
beta_B,0.03078947368421053,1.526315789473684,1,0.42469894199796754,1.6965873103179774,0.8102295093438523,0.42469894199796615,-6.6863739254917506e-21,1.6965873103179774,0.8102295093438536
beta_B,0.03263157894736842,1.526315789473684,1,0.42469894213357784,1.6965873103141396,0.8102295092906654,0.4246989421335789,-4.9316182983500814e-21,1.6965873103141396,0.8102295092906644
beta_B,0.034473684210526316,1.526315789473684,1,0.42469894230684874,1.6965873103092366,0.8102295092224303,0.424698942306849,1.294211895694778e-20,1.6965873103092366,0.8102295092224304
beta_B,0.03631578947368421,1.526315789473684,1,0.42469894257988716,1.6965873103015097,0.8102295091152633,0.42469894257988733,1.9726843970647554e-21,1.6965873103015097,0.8102295091152629
beta_B,0.038157894736842106,1.526315789473684,1,0.4246989427535177,1.696587310296597,0.8102295090471436,0.4246989427535173,-2.1240002274406218e-20,1.696587310296597,0.810229509047144
beta_B,0.04,1.526315789473684,1,0.42469894267409874,1.6965873102988434,0.8102295090793625,0.4246989426740989,1.3436185899279713e-20,1.6965873102988434,0.8102295090793625
beta_B,0.005,1.6052631578947367,1,0.24781078289902142,1.702610121643541,0.880985494483274,0.24781078289902084,1.8873575746889818e-22,1.702610121643541,0.8809854944832745
beta_B,0.006842105263157895,1.6052631578947367,1,0.24781078281344568,1.70261012164641,0.8809854945208471,0.24781078281344388,9.06580935131784e-22,1.7026101216464102,0.8809854945208492
beta_B,0.00868421052631579,1.6052631578947367,1,0.24781078276880042,1.7026101216479073,0.880985494540435,0.24781078276879961,1.6740509160216234e-22,1.7026101216479073,0.8809854945404358
beta_B,0.010526315789473686,1.6052631578947367,1,0.2478107827441049,1.702610121648735,0.8809854945512536,0.24781078274410584,9.63772903297353e-25,1.702610121648735,0.8809854945512527
beta_B,0.01236842105263158,1.6052631578947367,1,0.24781078273077645,1.702610121649182,0.8809854945570723,0.24781078273002347,-9.141839177067848e-21,1.7026101216492093,0.8809854945577141
beta_B,0.014210526315789476,1.6052631578947367,1,0.24781078272137316,1.7026101216494973,0.8809854945611562,0.24781078272048884,-1.7876255551742817e-21,1.7026101216495293,0.8809854945619097
beta_B,0.01605263157894737,1.6052631578947367,1,0.24781078270385726,1.7026101216500846,0.8809854945687752,0.2478107827028363,3.3992969097511416e-21,1.7026101216501215,0.8809854945696446
beta_B,0.017894736842105265,1.6052631578947367,1,0.24781078269904033,1.702610121650246,0.8809854945708233,0.24781078269787957,5.091597573367573e-22,1.7026101216502878,0.8809854945718129
beta_B,0.01973684210526316,1.6052631578947367,1,0.2478107827024965,1.7026101216501301,0.8809854945692416,0.24781078270118728,-6.326636590994455e-21,1.7026101216501772,0.880985494570357
beta_B,0.021578947368421055,1.6052631578947367,1,0.2478107827108495,1.7026101216498504,0.8809854945655091,0.24781078270938978,8.073444337230939e-22,1.7026101216499028,0.8809854945667532
beta_B,0.02342105263157895,1.6052631578947367,1,0.2478107827221467,1.7026101216494716,0.8809854945604793,0.2478107827205301,2.761657383643181e-21,1.7026101216495297,0.8809854945618579
beta_B,0.025263157894736845,1.6052631578947367,1,0.2478107827355858,1.702610121649021,0.880985494554503,0.24781078273380164,-6.7621162853996884e-21,1.702610121649085,0.8809854945560233
beta_B,0.02710526315789474,1.6052631578947367,1,0.24781078274060905,1.7026101216488527,0.880985494552197,0.24781078273865553,-8.908881003934942e-21,1.7026101216489227,0.8809854945538617
beta_B,0.028947368421052635,1.6052631578947367,1,0.24781078274605992,1.7026101216486698,0.8809854945496892,0.24781078274606588,8.247713130690943e-25,1.7026101216486698,0.8809854945496844
beta_B,0.03078947368421053,1.6052631578947367,1,0.2478107827624925,1.7026101216481189,0.8809854945423615,0.24781078276017451,4.1307648898341846e-21,1.7026101216482024,0.8809854945443373
beta_B,0.03263157894736842,1.6052631578947367,1,0.24781078278404392,1.7026101216473963,0.8809854945327802,0.24781078278152865,-4.1028019038239874e-21,1.7026101216474867,0.8809854945349239
beta_B,0.034473684210526316,1.6052631578947367,1,0.24781078280867191,1.7026101216465706,0.8809854945218399,0.24781078280596538,1.3463241531165837e-20,1.7026101216466676,0.8809854945241463
beta_B,0.03631578947368421,1.6052631578947367,1,0.24781078282470745,1.7026101216460332,0.8809854945146348,0.2478107828217921,-1.8557522796711198e-20,1.7026101216461378,0.8809854945171185
beta_B,0.038157894736842106,1.6052631578947367,1,0.24781078284390085,1.7026101216453897,0.880985494506019,0.2478107828407732,7.596276436319524e-21,1.7026101216455016,0.8809854945086837
beta_B,0.04,1.6052631578947367,1,0.24781078287643016,1.7026101216442993,0.8809854944915394,0.24781078287308267,7.934856647556537e-21,1.702610121644419,0.8809854944943916
beta_B,0.005,1.6842105263157894,1,0.08301556033520477,1.7088937672176943,0.9571654632122558,0.08301556033520664,-4.341142020873017e-22,1.7088937672176943,0.9571654632122536
beta_B,0.006842105263157895,1.6842105263157894,1,0.08301556020589304,1.7088937672228022,0.957165463277051,0.08301556020589317,-6.114984277708364e-22,1.708893767222802,0.9571654632770507
beta_B,0.00868421052631579,1.6842105263157894,1,0.08301556015281057,1.7088937672248987,0.9571654633036742,0.08301556015281074,-8.022060453597351e-22,1.7088937672248987,0.9571654633036732
beta_B,0.010526315789473686,1.6842105263157894,1,0.08301556004170986,1.708893767229287,0.9571654633592797,0.08301556004170914,-9.974944782297177e-22,1.7088937672292872,0.957165463359281
beta_B,0.01236842105263158,1.6842105263157894,1,0.08301555996386596,1.7088937672323616,0.9571654633982428,0.08301555996386488,-1.2121138157612883e-21,1.708893767232362,0.9571654633982437
beta_B,0.014210526315789476,1.6842105263157894,1,0.08301555990685545,1.7088937672346136,0.9571654634267764,0.08301555990685609,-1.4280213860349844e-21,1.7088937672346138,0.9571654634267759
beta_B,0.01605263157894737,1.6842105263157894,1,0.08301555986374425,1.7088937672363165,0.9571654634483536,0.08301555986374358,-1.6635444378995656e-21,1.7088937672363167,0.9571654634483533
beta_B,0.017894736842105265,1.6842105263157894,1,0.0830155598303462,1.7088937672376359,0.9571654634650677,0.08301555983034832,-1.8995560967920423e-21,1.7088937672376356,0.9571654634650668
beta_B,0.01973684210526316,1.6842105263157894,1,0.08301555980399253,1.7088937672386766,0.9571654634782565,0.08301555980399436,-2.158586725711731e-21,1.7088937672386766,0.957165463478254
beta_B,0.021578947368421055,1.6842105263157894,1,0.08301555978290208,1.7088937672395095,0.9571654634888093,0.08301555978290343,-2.4228515596606114e-21,1.7088937672395097,0.9571654634888088
beta_B,0.02342105263157895,1.6842105263157894,1,0.08301555976585154,1.7088937672401832,0.9571654634973403,0.08301555976585186,-2.6984002354132775e-21,1.708893767240183,0.9571654634973399
beta_B,0.025263157894736845,1.6842105263157894,1,0.08301555975197918,1.7088937672407312,0.9571654635042783,0.08301555975197748,-2.9931461822430305e-21,1.708893767240731,0.9571654635042801
beta_B,0.02710526315789474,1.6842105263157894,1,0.08301555974058644,1.708893767241181,0.9571654635100121,0.08301555974065875,-3.290709478422514e-21,1.7088937672411784,0.9571654635099401
beta_B,0.028947368421052635,1.6842105263157894,1,0.08301555973143257,1.7088937672415427,0.9571654635145536,0.08301555973143343,-3.589141880032012e-21,1.7088937672415425,0.9571654635145521
beta_B,0.03078947368421053,1.6842105263157894,1,0.08301555972395011,1.7088937672418383,0.9571654635182925,0.08301555972395018,-3.9070211874697125e-21,1.708893767241838,0.9571654635182913
beta_B,0.03263157894736842,1.6842105263157894,1,0.08301555971793921,1.7088937672420756,0.9571654635212947,0.08301555971794153,-4.220626732110988e-21,1.7088937672420754,0.9571654635212916
beta_B,0.034473684210526316,1.6842105263157894,1,0.08301555971318712,1.7088937672422633,0.9571654635236663,0.0830155597131878,-4.541764723435029e-21,1.7088937672422633,0.9571654635236656
beta_B,0.03631578947368421,1.6842105263157894,1,0.08301555970952047,1.7088937672424083,0.9571654635254949,0.08301555970952115,-4.881883448318246e-21,1.708893767242408,0.957165463525494
beta_B,0.038157894736842106,1.6842105263157894,1,0.08301555970679995,1.7088937672425155,0.9571654635268493,0.08301555970680104,-5.211451696243669e-21,1.7088937672425155,0.9571654635268484
beta_B,0.04,1.6842105263157894,1,0.08301555970490979,1.7088937672425903,0.9571654635277865,0.0830155597049101,-5.527911497270467e-21,1.7088937672425903,0.9571654635277868
beta_B,0.005,1.763157894736842,1,1.745696881509982e-11,1.712354837944417,0.9622613197635497,1.019663967157802e-12,-1.3451078651757432e-21,1.7123548379451339,0.962261319780491
beta_B,0.006842105263157895,1.763157894736842,1,-6.44447393160726e-16,1.7123548379451874,0.9622613197815428,6.090021333463715e-18,2.227344237752254e-22,1.7123548379451874,0.9622613197815412
beta_B,0.00868421052631579,1.763157894736842,1,1.744468380073193e-11,1.7123548379444176,0.9622613197635623,6.752368194879952e-13,-2.7162722012155536e-21,1.7123548379451539,0.9622613197808456
beta_B,0.010526315789473686,1.763157894736842,1,1.7456557961058822e-11,1.7123548379444171,0.9622613197635503,1.123075468379483e-12,-2.661094185104232e-21,1.7123548379451274,0.9622613197803842
beta_B,0.01236842105263158,1.763157894736842,1,1.7453587951622967e-11,1.7123548379444171,0.9622613197635531,2.322041258974084e-12,4.195198066451401e-22,1.712354837945085,0.9622613197791483
beta_B,0.014210526315789476,1.763157894736842,1,1.7454872290540686e-11,1.7123548379444171,0.9622613197635524,-4.962775846167192e-18,4.422455191070231e-22,1.7123548379451872,0.9622613197815417
beta_B,0.01605263157894737,1.763157894736842,1,1.7451094155541866e-11,1.7123548379444173,0.9622613197635559,1.7310593736147101e-12,-2.5019944074838304e-21,1.7123548379450846,0.9622613197797576
beta_B,0.017894736842105265,1.763157894736842,1,1.745730596397191e-11,1.712354837944417,0.9622613197635488,-1.2542108169441581e-17,1.9583513714386214e-27,1.7123548379451874,0.9622613197815422
beta_B,0.01973684210526316,1.763157894736842,1,1.7452178538021123e-11,1.7123548379444171,0.962261319763554,-2.1695105423333953e-17,5.9730917579361135e-22,1.7123548379451874,0.9622613197815422
beta_B,0.021578947368421055,1.763157894736842,1,-6.444367755218801e-16,1.7123548379451874,0.9622613197815427,1.4489192809446912e-12,-4.2036906850412885e-21,1.712354837945105,0.9622613197800483
beta_B,0.02342105263157895,1.763157894736842,1,1.744982882459674e-11,1.7123548379444173,0.9622613197635568,1.0973378691273895e-12,-5.742663545123649e-21,1.7123548379451283,0.962261319780411
beta_B,0.025263157894736845,1.763157894736842,1,1.745682884946224e-11,1.7123548379444171,0.9622613197635492,5.35968207097311e-13,-8.073432817358785e-21,1.7123548379451612,0.9622613197809888
beta_B,0.02710526315789474,1.763157894736842,1,-6.560420607958691e-16,1.7123548379451874,0.9622613197815428,7.28278441101974e-12,9.460840931277434e-22,1.712354837944866,0.9622613197740355
beta_B,0.028947368421052635,1.763157894736842,1,1.7458374543677743e-11,1.712354837944417,0.9622613197635488,3.1993550583673844e-13,-9.926716398652205e-21,1.7123548379451725,0.9622613197812122
beta_B,0.03078947368421053,1.763157894736842,1,-6.560364586210626e-16,1.7123548379451874,0.9622613197815422,6.715842832917234e-13,-9.068807108267567e-21,1.7123548379451536,0.9622613197808493
beta_B,0.03263157894736842,1.763157894736842,1,1.745751149316089e-11,1.712354837944417,0.9622613197635491,8.13780765005019e-18,-2.476622780150714e-27,1.7123548379451874,0.9622613197815417
beta_B,0.034473684210526316,1.763157894736842,1,1.746500910476657e-11,1.7123548379444167,0.9622613197635415,-1.0068967255631769e-17,2.6741394712921507e-27,1.7123548379451874,0.9622613197815417
beta_B,0.03631578947368421,1.763157894736842,1,1.7462986657460297e-11,1.7123548379444167,0.9622613197635432,3.0368443915610233e-13,-1.2135089486833385e-20,1.7123548379451732,0.9622613197812289
beta_B,0.038157894736842106,1.763157894736842,1,1.7462817765025015e-11,1.7123548379444167,0.9622613197635432,9.200037607511828e-12,1.3152379260676622e-21,1.7123548379447815,0.9622613197720598
beta_B,0.04,1.763157894736842,1,1.746394520578746e-11,1.7123548379444167,0.9622613197635432,1.5112321612834854e-12,-5.646453690100652e-21,1.7123548379450968,0.9622613197799841
beta_B,0.005,1.8421052631578947,1,1.1431558629077134e-17,1.7123548379451874,0.8863806187096266,7.922795873064834e-18,9.447001001411776e-25,1.7123548379451874,0.8863806187096261
beta_B,0.006842105263157895,1.8421052631578947,1,-4.8432429202624955e-27,1.7123548379451874,0.8863806187096266,2.8347343505252e-17,9.92092166097845e-25,1.7123548379451874,0.8863806187096264
beta_B,0.00868421052631579,1.8421052631578947,1,-1.511904810892342e-26,1.7123548379451874,0.8863806187096266,9.479919964481843e-17,1.989716297737312e-23,1.7123548379451874,0.8863806187096264
beta_B,0.010526315789473686,1.8421052631578947,1,-6.127641940907449e-27,1.7123548379451874,0.8863806187096266,-2.037488016972528e-17,1.4340995910973606e-21,1.7123548379466345,0.8863806187096273
beta_B,0.01236842105263158,1.8421052631578947,1,3.4818444483763955e-18,1.7123548379451874,0.8863806187096269,1.8147046555335011e-16,2.9433557323766728e-21,1.7123548379466298,0.8863806187096264
beta_B,0.014210526315789476,1.8421052631578947,1,8.281391347766041e-17,1.7123548379451874,0.8863806187096264,-4.439736200656728e-18,-1.4248476503171222e-23,1.7123548379466247,0.8863806187096267
beta_B,0.01605263157894737,1.8421052631578947,1,1.2956990443820213e-17,1.7123548379451874,0.8863806187096269,3.9925822370184894e-15,2.9366500385353566e-21,1.712354837946619,0.8863806187096224
beta_B,0.017894736842105265,1.8421052631578947,1,1.1666850729567532e-16,1.7123548379451874,0.8863806187096269,3.793425491012597e-15,-1.5349636283085564e-23,1.712354837946613,0.8863806187096226
beta_B,0.01973684210526316,1.8421052631578947,1,8.515362248261091e-17,1.7123548379451874,0.8863806187096264,-4.82971722633795e-19,-1.5893293367595378e-23,1.7123548379466067,0.8863806187096267
beta_B,0.021578947368421055,1.8421052631578947,1,1.0848371544116796e-17,1.7123548379451874,0.8863806187096266,6.066594622468619e-15,1.4142536638183383e-21,1.7123548379465994,0.886380618709621
beta_B,0.02342105263157895,1.8421052631578947,1,2.195058401383702e-17,1.7123548379451874,0.8863806187096266,-1.4638007240508584e-17,-1.6954096170201757e-23,1.7123548379465923,0.8863806187096264
beta_B,0.025263157894736845,1.8421052631578947,1,1.0633791031190421e-16,1.7123548379451874,0.8863806187096266,-9.065385019623911e-18,-1.7470845727908105e-23,1.7123548379465843,0.8863806187096267
beta_B,0.02710526315789474,1.8421052631578947,1,7.361292168404714e-17,1.7123548379451874,0.8863806187096261,2.8817779579825155e-15,-1.7975365090280543e-23,1.7123548379465754,0.8863806187096237
beta_B,0.028947368421052635,1.8421052631578947,1,8.713667533962856e-18,1.7123548379451874,0.8863806187096261,-6.605537536262494e-18,1.4020614306044432e-21,1.7123548379465663,0.8863806187096269
beta_B,0.03078947368421053,1.8421052631578947,1,4.0479048445884056e-17,1.7123548379451872,0.8863806187096266,3.142179731779785e-15,-1.8954930350657206e-23,1.712354837946556,0.8863806187096237
beta_B,0.03263157894736842,1.8421052631578947,1,2.4367643265778257e-17,1.7123548379451874,0.8863806187096261,-1.4919466555390762e-18,-1.9428022902671514e-23,1.7123548379465454,0.8863806187096264
beta_B,0.034473684210526316,1.8421052631578947,1,3.966444413296251e-17,1.7123548379451872,0.8863806187096264,-7.327629020299635e-18,1.3935980299268605e-21,1.712354837946534,0.8863806187096269
beta_B,0.03631578947368421,1.8421052631578947,1,3.927140390612572e-17,1.7123548379451872,0.8863806187096266,2.701033030092609e-16,-2.7298163923239397e-22,1.7123548379465219,0.8863806187096264
beta_B,0.038157894736842106,1.8421052631578947,1,8.995294638615334e-17,1.7123548379451874,0.8863806187096266,-2.679143658840671e-19,-2.0752780116054367e-23,1.712354837946509,0.8863806187096267
beta_B,0.04,1.8421052631578947,1,1.225003840833804e-16,1.7123548379451874,0.8863806187096266,-6.790667117194977e-18,-2.1161545713092822e-23,1.7123548379464952,0.8863806187096267
beta_B,0.005,1.9210526315789473,1,-4.708121043862929e-20,1.7123548379451472,0.816483615165571,-4.708121043862929e-20,-1.4125086389558953e-20,1.7123548379451472,0.8164836151655711
beta_B,0.006842105263157895,1.9210526315789473,1,-4.708142107080187e-20,1.7123548379451472,0.816483615165571,-4.708142107080187e-20,-1.4125070435636005e-20,1.7123548379451472,0.8164836151655711
beta_B,0.00868421052631579,1.9210526315789473,1,2.4831487329341953e-19,1.7123548379451472,0.8164836151655713,2.4831487329341953e-19,5.698737237768341e-22,1.7123548379451472,0.8164836151655713
beta_B,0.010526315789473686,1.9210526315789473,1,2.113901117545754e-19,1.7123548379451472,0.816483615165571,2.113901117545754e-19,-1.412503852779011e-20,1.7123548379451472,0.8164836151655711
beta_B,0.01236842105263158,1.9210526315789473,1,-1.0157473585924833e-20,1.7123548379451472,0.816483615165571,-1.0157473585924833e-20,5.699058335711203e-22,1.7123548379451472,0.8164836151655711
beta_B,0.014210526315789476,1.9210526315789473,1,-1.0157681592768321e-20,1.7123548379451472,0.816483615165571,-1.0157681592768321e-20,5.699217874940674e-22,1.7123548379451472,0.8164836151655711
beta_B,0.01605263157894737,1.9210526315789473,1,-1.5785619621997779e-19,1.7123548379451472,0.8164836151655713,-1.5785619621997779e-19,5.699377414170146e-22,1.7123548379451472,0.8164836151655713
beta_B,0.017894736842105265,1.9210526315789473,1,1.7446471993480066e-19,1.7123548379451472,0.816483615165571,1.7446471993480066e-19,5.699536953399618e-22,1.7123548379451472,0.8164836151655711
beta_B,0.01973684210526316,1.9210526315789473,1,-4.7082879744035385e-20,1.7123548379451472,0.816483615165571,-4.7082879744035385e-20,5.69969649262909e-22,1.7123548379451472,0.8164836151655711
beta_B,0.021578947368421055,1.9210526315789473,1,-4.708308936646601e-20,1.7123548379451472,0.816483615165571,-4.708308936646601e-20,5.699856031858562e-22,1.7123548379451472,0.8164836151655711
beta_B,0.02342105263157895,1.9210526315789473,1,-1.5785703248826797e-19,1.7123548379451472,0.816483615165571,-1.5785703248826797e-19,-2.881985727725168e-20,1.7123548379451472,0.8164836151655711
beta_B,0.025263157894736845,1.9210526315789473,1,2.4831299598116995e-19,1.7123548379451472,0.816483615165571,2.4831299598116995e-19,5.700177129801423e-22,1.7123548379451472,0.8164836151655711
beta_B,0.02710526315789474,1.9210526315789473,1,6.368999466687751e-20,1.7123548379451472,0.8164836151655713,6.368999466687751e-20,-2.881982193628313e-20,1.7123548379451472,0.8164836151655713
beta_B,0.028947368421052635,1.9210526315789473,1,6.368978645808563e-20,1.7123548379451472,0.8164836151655713,6.368978645808563e-20,-1.4124878786612247e-20,1.7123548379451472,0.8164836151655713
beta_B,0.03078947368421053,1.9210526315789473,1,-1.209332859420407e-19,1.7123548379451472,0.816483615165571,-1.209332859420407e-19,-1.41248628326893e-20,1.7123548379451472,0.8164836151655711
beta_B,0.03263157894736842,1.9210526315789473,1,2.6764801766268627e-20,1.7123548379451472,0.816483615165571,2.6764801766268627e-20,-1.4124846878766353e-20,1.7123548379451472,0.8164836151655711
beta_B,0.034473684210526316,1.9210526315789473,1,2.4831195210993306e-19,1.7123548379451472,0.816483615165571,2.4831195210993306e-19,-1.4124830924843406e-20,1.7123548379451472,0.8164836151655711
beta_B,0.03631578947368421,1.9210526315789473,1,1.744626346157076e-19,1.7123548379451472,0.816483615165571,1.744626346157076e-19,5.701132345694337e-22,1.7123548379451472,0.8164836151655711
beta_B,0.038157894736842106,1.9210526315789473,1,-8.400954141529736e-20,1.7123548379451472,0.816483615165571,-8.400954141529736e-20,5.701293904407726e-22,1.7123548379451472,0.8164836151655711
beta_B,0.04,1.9210526315789473,1,2.4831132667576385e-19,1.7123548379451472,0.816483615165571,2.4831132667576385e-19,5.701453443637198e-22,1.7123548379451472,0.8164836151655711
beta_B,0.005,2.0,1,-2.300945045484029e-20,1.7123548379451483,0.7520984550476877,-2.300945045484029e-20,-1.412640834373126e-20,1.7123548379451483,0.7520984550476878
beta_B,0.006842105263157895,2.0,1,-5.0344091411710765e-20,1.7123548379451483,0.7520984550476877,-5.0344091411710765e-20,5.685354117847958e-22,1.7123548379451483,0.7520984550476877
beta_B,0.00868421052631579,2.0,1,-2.3009736009866206e-20,1.7123548379451483,0.7520984550476877,-2.3009736009866206e-20,-1.4126377445627325e-20,1.7123548379451483,0.7520984550476878
beta_B,0.010526315789473686,2.0,1,5.899360524937702e-20,1.7123548379451483,0.7520984550476877,5.899360524937702e-20,-1.412636189560116e-20,1.7123548379451483,0.7520984550476877
beta_B,0.01236842105263158,2.0,1,3.165896954316473e-20,1.7123548379451483,0.7520984550476877,3.165896954316473e-20,5.685818599148952e-22,1.7123548379451483,0.7520984550476877
beta_B,0.014210526315789476,2.0,1,-2.9635520449906546e-19,1.7123548379451483,0.7520984550476877,-2.9635520449906546e-19,-1.4126330997497225e-20,1.7123548379451483,0.7520984550476877
beta_B,0.01605263157894737,2.0,1,-1.0501380246578415e-19,1.7123548379451483,0.7520984550476877,-1.0501380246578415e-19,5.686127580188309e-22,1.7123548379451483,0.7520984550476877
beta_B,0.017894736842105265,2.0,1,8.632752706802452e-20,1.7123548379451483,0.7520984550476875,8.632752706802452e-20,1.5263554897947753e-20,1.7123548379451483,0.7520984550476876
beta_B,0.01973684210526316,2.0,1,3.165839984675164e-20,1.7123548379451483,0.7520984550476877,3.165839984675164e-20,-1.4126284549367126e-20,1.7123548379451483,0.7520984550476877
beta_B,0.021578947368421055,2.0,1,-1.3234872938157733e-19,1.7123548379451483,0.7520984550476875,-1.3234872938157733e-19,5.6865920614893035e-22,1.7123548379451483,0.7520984550476876
beta_B,0.02342105263157895,2.0,1,8.632710176471152e-20,1.7123548379451483,0.7520984550476877,8.632710176471152e-20,5.686747561750941e-22,1.7123548379451483,0.7520984550476878
beta_B,0.025263157894736845,2.0,1,-2.301101696851499e-20,1.7123548379451483,0.7520984550476877,-2.301101696851499e-20,-1.4126238101237026e-20,1.7123548379451483,0.7520984550476878
beta_B,0.02710526315789474,2.0,1,8.63268162096856e-20,1.7123548379451483,0.7520984550476877,8.63268162096856e-20,5.687056542790298e-22,1.7123548379451483,0.7520984550476878
beta_B,0.028947368421052635,2.0,1,3.165768939230951e-20,1.7123548379451483,0.7520984550476877,3.165768939230951e-20,-1.4126207405081482e-20,1.7123548379451483,0.7520984550476877
beta_B,0.03078947368421053,2.0,1,1.6832999651606061e-19,1.7123548379451483,0.7520984550476875,1.6832999651606061e-19,-1.412619185505532e-20,1.7123548379451483,0.7520984550476876
beta_B,0.03263157894736842,2.0,1,1.1366087898831054e-19,1.7123548379451483,0.7520984550476877,1.1366087898831054e-19,5.687519004607374e-22,1.7123548379451483,0.7520984550476877
beta_B,0.034473684210526316,2.0,1,-1.323497272085809e-19,1.7123548379451483,0.7520984550476875,-1.323497272085809e-19,1.526369747351232e-20,1.7123548379451483,0.7520984550476876
beta_B,0.03631578947368421,2.0,1,3.1657119090051245e-20,1.7123548379451483,0.7520984550476875,3.1657119090051245e-20,-1.412614540692522e-20,1.7123548379451483,0.7520984550476876
beta_B,0.038157894736842106,2.0,1,3.1656977322280246e-20,1.7123548379451483,0.7520984550476875,3.1656977322280246e-20,5.687983485908369e-22,1.7123548379451483,0.7520984550476876
beta_B,0.04,2.0,1,1.1366030929189745e-19,1.7123548379451483,0.7520984550476875,1.1366030929189745e-19,5.688136966686088e-22,1.7123548379451483,0.7520984550476876
