beta,B_index,R_P,equilibrium_class,bifurcation_type,multistable
0.005,0.5,0.48428624141849974,parasitoid_free,stable,False
0.005,0.5625,0.46067134670330856,parasitoid_free,stable,False
0.005,0.625,0.4382548436392183,parasitoid_free,stable,False
0.005,0.6875,0.41696018039557137,parasitoid_free,stable,False
0.005,0.75,0.39671588311186695,parasitoid_free,stable,False
0.005,0.8125,0.37745520385650383,parasitoid_free,stable,False
0.005,0.875,0.3591158233240149,parasitoid_free,stable,False
0.005,0.9375,0.34163954688171977,parasitoid_free,stable,False
0.005,1.0,0.32497204411974956,parasitoid_free,stable,False
0.005,1.0625,0.3090625919337079,parasitoid_free,stable,False
0.005,1.125,0.2938638426588109,parasitoid_free,stable,False
0.005,1.1875,0.2793316096062249,parasitoid_free,stable,False
0.005,1.25,0.265424662844282,parasitoid_free,stable,False
0.005,1.3125,0.2521045488757313,parasitoid_free,stable,False
0.005,1.375,0.23933541468934208,parasitoid_free,stable,False
0.005,1.4375,0.22708385382844906,parasitoid_free,stable,False
0.005,1.5,0.21531876003061853,parasitoid_free,stable,False
0.005,1.5625,0.20401119380327346,parasitoid_free,stable,False
0.005,1.625,0.193134262886653,parasitoid_free,stable,False
0.005,1.6875,0.18266300927423162,parasitoid_free,stable,False
0.005,1.75,0.17257431084386265,parasitoid_free,stable,False
0.005,1.8125,0.16284679061324656,parasitoid_free,stable,False
0.005,1.875,0.1534607355067579,parasitoid_free,stable,False
0.005,1.9375,0.14439802604619686,parasitoid_free,stable,False
0.005,2.0,0.13564207327552977,parasitoid_free,stable,False
0.006458333333333333,0.5,0.7399883865223349,parasitoid_free,stable,False
0.006458333333333333,0.5625,0.696239930156977,parasitoid_free,stable,False
0.006458333333333333,0.625,0.6551154586014497,parasitoid_free,stable,False
0.006458333333333333,0.6875,0.6164307524952634,parasitoid_free,stable,False
0.006458333333333333,0.75,0.5800153748323237,parasitoid_free,stable,False
0.006458333333333333,0.8125,0.5457116488865648,parasitoid_free,stable,False
0.006458333333333333,0.875,0.513373674101298,parasitoid_free,stable,False
0.006458333333333333,0.9375,0.48286647497874385,parasitoid_free,stable,False
0.006458333333333333,1.0,0.4540651636773004,parasitoid_free,stable,False
0.006458333333333333,1.0625,0.42685421063544526,parasitoid_free,stable,False
0.006458333333333333,1.125,0.4011267453337077,parasitoid_free,stable,False
0.006458333333333333,1.1875,0.3767839237058502,parasitoid_free,stable,False
0.006458333333333333,1.25,0.35373434968632894,parasitoid_free,stable,False
0.006458333333333333,1.3125,0.3318935312907329,parasitoid_free,stable,False
0.006458333333333333,1.375,0.3111833968465102,parasitoid_free,stable,False
0.006458333333333333,1.4375,0.2915318355323321,parasitoid_free,stable,False
0.006458333333333333,1.5,0.27287228931209856,parasitoid_free,stable,False
0.006458333333333333,1.5625,0.2551433680872468,parasitoid_free,stable,False
0.006458333333333333,1.625,0.23828850685650718,parasitoid_free,stable,False
0.006458333333333333,1.6875,0.22225564439372936,parasitoid_free,stable,False
0.006458333333333333,1.75,0.2069969370608718,parasitoid_free,stable,False
0.006458333333333333,1.8125,0.1924684918411395,parasitoid_free,stable,False
0.006458333333333333,1.875,0.17863012928086852,parasitoid_free,stable,False
0.006458333333333333,1.9375,0.16544516341823703,parasitoid_free,stable,False
0.006458333333333333,2.0,0.15288020679508527,parasitoid_free,stable,False
0.007916666666666667,0.5,1.1052617002438476,coexistence,stable,False
0.007916666666666667,0.5625,1.0295835462087548,coexistence_nonfixed,fold,False
0.007916666666666667,0.625,0.9590845135362744,coexistence,fold,False
0.007916666666666667,0.6875,0.8933680967080955,parasitoid_free,stable,False
0.007916666666666667,0.75,0.8320702942500438,parasitoid_free,stable,False
0.007916666666666667,0.8125,0.7748569154814039,parasitoid_free,stable,False
0.007916666666666667,0.875,0.7214211106672349,parasitoid_free,stable,False
0.007916666666666667,0.9375,0.6714811018912527,parasitoid_free,stable,False
0.007916666666666667,1.0,0.6247781252991782,parasitoid_free,stable,False
0.007916666666666667,1.0625,0.5810745409883911,parasitoid_free,stable,False
0.007916666666666667,1.125,0.5401521109271146,parasitoid_free,stable,False
0.007916666666666667,1.1875,0.5018104044112218,parasitoid_free,stable,False
0.007916666666666667,1.25,0.4658653753250059,parasitoid_free,stable,False
0.007916666666666667,1.3125,0.4321480264543684,parasitoid_free,stable,False
0.007916666666666667,1.375,0.40050321692378066,parasitoid_free,stable,False
0.007916666666666667,1.4375,0.37078855829528123,parasitoid_free,stable,False
0.007916666666666667,1.5,0.342873407848773,parasitoid_free,stable,False
0.007916666666666667,1.5625,0.3166379548591912,parasitoid_free,stable,False
0.007916666666666667,1.625,0.2919723823057763,parasitoid_free,stable,False
0.007916666666666667,1.6875,0.2687760990541118,parasitoid_free,stable,False
0.007916666666666667,1.75,0.24695704530428564,parasitoid_free,stable,False
0.007916666666666667,1.8125,0.2264310515118986,parasitoid_free,stable,False
0.007916666666666667,1.875,0.2071212564798645,parasitoid_free,stable,False
0.007916666666666667,1.9375,0.18895757453444778,parasitoid_free,stable,False
0.007916666666666667,2.0,0.17187620624574723,parasitoid_free,stable,False
0.009375000000000001,0.5,1.6191239261267871,coexistence,stable,False
0.009375000000000001,0.5625,1.4944267965780187,coexistence,stable,False
0.009375000000000001,0.625,1.3792387175883734,coexistence,stable,False
0.009375000000000001,0.6875,1.27277261550958,coexistence,stable,False
0.009375000000000001,0.75,1.1743109479078795,coexistence,stable,False
0.009375000000000001,0.8125,1.0831994411019743,coexistence,fold,False
0.009375000000000001,0.875,0.9988414060891971,coexistence,fold,False
0.009375000000000001,0.9375,0.9206925789640484,coexistence,fold,False
0.009375000000000001,1.0,0.8482564221822831,parasitoid_free,stable,False
0.009375000000000001,1.0625,0.7810798777633831,parasitoid_free,stable,False
0.009375000000000001,1.125,0.7187494869850437,parasitoid_free,stable,False
0.009375000000000001,1.1875,0.660887891328721,parasitoid_free,stable,False
0.009375000000000001,1.25,0.6071506423340199,parasitoid_free,stable,False
0.009375000000000001,1.3125,0.5572233110652571,parasitoid_free,stable,False
0.009375000000000001,1.375,0.5108188614460308,parasitoid_free,stable,False
0.009375000000000001,1.4375,0.4676752520457555,parasitoid_free,stable,False
0.009375000000000001,1.5,0.42755328089805156,parasitoid_free,stable,False
0.009375000000000001,1.5625,0.39023460578986924,parasitoid_free,stable,False
0.009375000000000001,1.625,0.35551995169385736,parasitoid_free,stable,False
0.009375000000000001,1.6875,0.323227483543279,parasitoid_free,stable,False
0.009375000000000001,1.75,0.29319131911563945,parasitoid_free,stable,False
0.009375000000000001,1.8125,0.265260176221809,parasitoid_free,stable,False
0.009375000000000001,1.875,0.23929613618742632,parasitoid_free,stable,False
0.009375000000000001,1.9375,0.21517351814057314,parasitoid_free,stable,False
0.009375000000000001,2.0,0.19277784459709743,parasitoid_free,stable,False
0.010833333333333334,0.5,2.332377107599011,coexistence,stable,False
0.010833333333333334,0.5625,2.1343598954573637,coexistence,stable,False
0.010833333333333334,0.625,1.9528860104377417,coexistence,stable,False
0.010833333333333334,0.6875,1.786486709776756,coexistence,stable,False
0.010833333333333334,0.75,1.6338315909816896,coexistence,stable,False
0.010833333333333334,0.8125,1.4937152481200746,coexistence,stable,False
0.010833333333333334,0.875,1.3650452448781154,coexistence,stable,False
0.010833333333333334,0.9375,1.2468312686052043,coexistence,stable,False
0.010833333333333334,1.0,1.1381753465040583,coexistence,stable,False
0.010833333333333334,1.0625,1.0382630330249312,coexistence,fold,False
0.010833333333333334,1.125,0.9463554415756427,coexistence,fold,False
0.010833333333333334,1.1875,0.8617820617042511,parasitoid_free,stable,False
0.010833333333333334,1.25,0.7839342839730965,parasitoid_free,stable,False
0.010833333333333334,1.3125,0.7122595482627958,parasitoid_free,stable,False
0.010833333333333334,1.375,0.6462560689690866,parasitoid_free,stable,False
0.010833333333333334,1.4375,0.5854680697227821,parasitoid_free,stable,False
0.010833333333333334,1.5,0.529481473398908,parasitoid_free,stable,False
0.010833333333333334,1.5625,0.4779200155068417,parasitoid_free,stable,False
0.010833333333333334,1.625,0.4304417110623627,parasitoid_free,stable,False
0.010833333333333334,1.6875,0.38673567913398077,parasitoid_free,stable,False
0.010833333333333334,1.75,0.34651924859870203,parasitoid_free,stable,False
0.010833333333333334,1.8125,0.30953534104576474,parasitoid_free,stable,False
0.010833333333333334,1.875,0.2755500907436516,parasitoid_free,stable,False
0.010833333333333334,1.9375,0.2443506803264607,parasitoid_free,stable,False
0.010833333333333334,2.0,0.21574336792276133,parasitoid_free,stable,False
0.012291666666666666,0.5,3.310679308978434,coexistence,stable,False
0.012291666666666666,0.5625,3.0053292516444032,coexistence,stable,False
0.012291666666666666,0.625,2.7275763080359714,coexistence,stable,False
0.012291666666666666,0.6875,2.474810540474708,coexistence,stable,False
0.012291666666666666,0.75,2.244682115831462,coexistence,stable,False
0.012291666666666666,0.8125,2.0350747152065995,coexistence,stable,False
0.012291666666666666,0.875,1.8440817327841437,coexistence,stable,False
0.012291666666666666,0.9375,1.6699849047639292,coexistence,stable,False
0.012291666666666666,1.0,1.5112351832600623,coexistence,stable,False
0.012291666666666666,1.0625,1.3664355889076132,coexistence,stable,False
0.012291666666666666,1.125,1.2343258391774188,coexistence,stable,False
0.012291666666666666,1.1875,1.1137685677629594,coexistence,stable,False
0.012291666666666666,1.25,1.0037369703995036,coexistence,fold,False
0.012291666666666666,1.3125,0.9033036913708459,parasitoid_free,fold,False
0.012291666666666666,1.375,0.8116308836540744,parasitoid_free,stable,False
0.012291666666666666,1.4375,0.7279612790770282,parasitoid_free,stable,False
0.012291666666666666,1.5,0.6516101568295672,parasitoid_free,stable,False
0.012291666666666666,1.5625,0.5819581346688246,parasitoid_free,stable,False
0.012291666666666666,1.625,0.5184446806613526,parasitoid_free,stable,False
0.012291666666666666,1.6875,0.4605622713364627,parasitoid_free,stable,False
0.012291666666666666,1.75,0.4078511383567914,parasitoid_free,stable,False
0.012291666666666666,1.8125,0.35989452037818814,parasitoid_free,stable,False
0.012291666666666666,1.875,0.3163143808488021,parasitoid_free,stable,False
0.012291666666666666,1.9375,0.27676753417204736,parasitoid_free,stable,False
0.012291666666666666,2.0,0.24094213500395023,parasitoid_free,stable,False
0.013750000000000002,0.5,4.638317914464686,coexistence,stable,False
0.013750000000000002,0.5625,4.178679029254973,coexistence,stable,False
0.013750000000000002,0.625,3.763542644779538,coexistence,stable,False
0.013750000000000002,0.6875,3.3884519871027585,coexistence,stable,False
0.013750000000000002,0.75,3.049417574919591,coexistence,stable,False
0.013750000000000002,0.8125,2.7428669318877588,coexistence,stable,False
0.013750000000000002,0.875,2.4655998220703688,coexistence,stable,False
0.013750000000000002,0.9375,2.2147483413152433,coexistence,stable,False
0.013750000000000002,1.0,1.987741381390866,coexistence,stable,False
0.013750000000000002,1.0625,1.782272967741923,coexistence,stable,False
0.013750000000000002,1.125,1.5962740419793846,coexistence,stable,False
0.013750000000000002,1.1875,1.4278873097608977,coexistence,stable,False
0.013750000000000002,1.25,1.275444812583859,coexistence,stable,False
0.013750000000000002,1.3125,1.1374479605510606,coexistence,stable,False
0.013750000000000002,1.375,1.0125495919032257,coexistence,fold,False
0.013750000000000002,1.4375,0.8995381469135021,parasitoid_free,stable,False
0.013750000000000002,1.5,0.7973233663143745,parasitoid_free,stable,False
0.013750000000000002,1.5625,0.7049236137380626,parasitoid_free,stable,False
0.013750000000000002,1.625,0.6214544912466714,parasitoid_free,stable,False
0.013750000000000002,1.6875,0.546118674011834,parasitoid_free,stable,False
0.013750000000000002,1.75,0.4781967947409568,parasitoid_free,stable,False
0.013750000000000002,1.8125,0.4170392816030201,parasitoid_free,stable,False
0.013750000000000002,1.875,0.3620590235450064,parasitoid_free,stable,False
0.013750000000000002,1.9375,0.3127247863994671,parasitoid_free,stable,False
0.013750000000000002,2.0,0.2685552870426513,parasitoid_free,stable,False
0.015208333333333334,0.5,6.422826415136173,coexistence,stable,False
0.015208333333333334,0.5625,5.744851438135564,coexistence,stable,False
0.015208333333333334,0.625,5.136654120945264,coexistence,stable,False
0.015208333333333334,0.6875,4.590872089138843,coexistence,stable,False
0.015208333333333334,0.75,4.100951441311222,coexistence,stable,False
0.015208333333333334,0.8125,3.66105565490561,coexistence,stable,False
0.015208333333333334,0.875,3.2659849197864292,coexistence,stable,False
0.015208333333333334,0.9375,2.911104696724445,coexistence,stable,False
0.015208333333333334,1.0,2.59228243609442,coexistence,stable,False
0.015208333333333334,1.0625,2.305831514128266,coexistence,stable,False
0.015208333333333334,1.125,2.048461552079,coexistence,stable,False
0.015208333333333334,1.1875,1.8172343715494217,coexistence,stable,False
0.015208333333333334,1.25,1.609524976001654,coexistence,stable,False
0.015208333333333334,1.3125,1.4229868716486094,coexistence,stable,False
0.015208333333333334,1.375,1.2555213766962294,coexistence,stable,False
0.015208333333333334,1.4375,1.1052503210592028,coexistence,stable,False
0.015208333333333334,1.5,0.970491832713229,coexistence,fold,False
0.015208333333333334,1.5625,0.8497387777084415,parasitoid_free,stable,False
0.015208333333333334,1.625,0.7416396529411412,parasitoid_free,stable,False
0.015208333333333334,1.6875,0.6449815386292886,parasitoid_free,stable,False
0.015208333333333334,1.75,0.5586749385503009,parasitoid_free,stable,False
0.015208333333333334,1.8125,0.48174026764892175,parasitoid_free,stable,False
0.015208333333333334,1.875,0.4132957997194956,parasitoid_free,stable,False
0.015208333333333334,1.9375,0.3525469096083329,parasitoid_free,stable,False
0.015208333333333334,2.0,0.29877645722624824,parasitoid_free,stable,False
0.016666666666666666,0.5,8.80061264667473,coexistence,stable,False
0.016666666666666666,0.5625,7.817873066615057,coexistence,stable,False
0.016666666666666666,0.625,6.941976449266718,coexistence,stable,False
0.016666666666666666,0.6875,6.161097401692512,coexistence,stable,False
0.016666666666666666,0.75,5.464765421042668,coexistence,stable,False
0.016666666666666666,0.8125,4.843705736822855,coexistence,stable,False
0.016666666666666666,0.875,4.289699144928548,coexistence,stable,False
0.016666666666666666,0.9375,3.7954585474360116,coexistence,stable,False
0.016666666666666666,1.0,3.3545201861573335,coexistence,stable,False
0.016666666666666666,1.0625,2.961147800945461,coexistence,stable,False
0.016666666666666666,1.125,2.6102481544654963,coexistence,stable,False
0.016666666666666666,1.1875,2.2972965439033963,coexistence,stable,False
0.016666666666666666,1.25,2.018271153657237,coexistence,stable,False
0.016666666666666666,1.3125,1.7695950518325523,coexistence,stable,False
0.016666666666666666,1.375,1.54808506633944,coexistence,stable,False
0.016666666666666666,1.4375,1.3509066347826333,coexistence,stable,False
0.016666666666666666,1.5,1.1755339127026352,coexistence,stable,False
0.016666666666666666,1.5625,1.0197144720723135,coexistence,fold,False
0.016666666666666666,1.625,0.8814381797887674,parasitoid_free,stable,False
0.016666666666666666,1.6875,0.7589095607492294,parasitoid_free,stable,False
0.016666666666666666,1.75,0.6505233995267579,parasitoid_free,stable,False
0.016666666666666666,1.8125,0.5548430923547999,parasitoid_free,stable,False
0.016666666666666666,1.875,0.47058147042280385,parasitoid_free,stable,False
0.016666666666666666,1.9375,0.3965837667228388,parasitoid_free,stable,False
0.016666666666666666,2.0,0.3318125125035671,parasitoid_free,stable,False
0.018125000000000002,0.5,11.943796381426154,coexistence,stable,False
0.018125000000000002,0.5625,10.540776051067292,coexistence,stable,False
0.018125000000000002,0.625,9.298051466922635,coexistence,stable,False
0.018125000000000002,0.6875,8.19708216497244,coexistence,stable,False
0.018125000000000002,0.75,7.2215370627555195,coexistence,stable,False
0.018125000000000002,0.8125,6.357024835499408,coexistence,stable,False
0.018125000000000002,0.875,5.590857709443503,coexistence,stable,False
0.018125000000000002,0.9375,4.9118444922169955,coexistence,stable,False
0.018125000000000002,1.0,4.310109181899383,coexistence,stable,False
0.018125000000000002,1.0625,3.776931954738309,coexistence,stable,False
0.018125000000000002,1.125,3.3046097258411224,coexistence,stable,False
0.018125000000000002,1.1875,2.8863338686284914,coexistence,stable,False
0.018125000000000002,1.25,2.516082897972492,coexistence,stable,False
0.018125000000000002,1.3125,2.188528255762949,coexistence,stable,False
0.018125000000000002,1.375,1.898951621633981,coexistence,stable,False
0.018125000000000002,1.4375,1.6431722844299954,coexistence,stable,False
0.018125000000000002,1.5,1.4174832547986143,coexistence,stable,False
0.018125000000000002,1.5625,1.2185951538111264,coexistence,stable,False
0.018125000000000002,1.625,1.0435868088002571,coexistence,fold,False
0.018125000000000002,1.6875,0.889861791979833,parasitoid_free,stable,False
0.018125000000000002,1.75,0.7551101519264305,parasitoid_free,stable,False
0.018125000000000002,1.8125,0.6372746843999546,parasitoid_free,stable,False
0.018125000000000002,1.875,0.5345212072759136,parasitoid_free,stable,False
0.018125000000000002,1.9375,0.44521233412771927,parasitoid_free,stable,False
0.018125000000000002,2.0,0.36788434040203566,parasitoid_free,stable,False
0.019583333333333335,0.5,16.068489243738345,coexistence,stable,False
0.019583333333333335,0.5625,14.092128897938485,coexistence,stable,False
0.019583333333333335,0.625,12.352025805064756,coexistence,stable,False
0.019583333333333335,0.6875,10.819716563199668,coexistence,stable,False
0.019583333333333335,0.75,9.470255902647832,coexistence,stable,False
0.019583333333333335,0.8125,8.281771965908662,coexistence,stable,False
0.019583333333333335,0.875,7.235078664629688,coexistence,stable,False
0.019583333333333335,0.9375,6.3133377174527245,coexistence,stable,False
0.019583333333333335,1.0,5.501763932070014,coexistence,stable,False
0.019583333333333335,1.0625,4.787368112026981,coexistence,stable,False
0.019583333333333335,1.125,4.15873281168142,coexistence,stable,False
0.019583333333333335,1.1875,3.6058164922343394,coexistence,stable,False
0.019583333333333335,1.25,3.119782611147349,coexistence,stable,False
0.019583333333333335,1.3125,2.692850330001851,coexistence,stable,False
0.019583333333333335,1.375,2.3181640850454532,coexistence,stable,False
0.019583333333333335,1.4375,1.98967954469804,coexistence,stable,False
0.019583333333333335,1.5,1.7020638792769505,coexistence,stable,False
0.019583333333333335,1.5625,1.4506085557035202,coexistence,stable,False
0.019583333333333335,1.625,1.2311529652826592,coexistence,stable,False
0.019583333333333335,1.6875,1.0400175624463328,coexistence,fold,False
0.019583333333333335,1.75,0.8739452524009734,parasitoid_free,stable,False
0.019583333333333335,1.8125,0.7300500943907986,parasitoid_free,stable,False
0.019583333333333335,1.875,0.6057722571670017,parasitoid_free,stable,False
0.019583333333333335,1.9375,0.49883852989608685,parasitoid_free,stable,False
0.019583333333333335,2.0,0.407227669501926,parasitoid_free,stable,False
0.021041666666666667,0.5,21.444790167669534,coexistence,stable,False
0.021041666666666667,0.5625,18.693880807844177,coexistence,stable,False
0.021041666666666667,0.625,16.28577998903423,coexistence,stable,False
0.021041666666666667,0.6875,14.177592572743027,coexistence,stable,False
0.021041666666666667,0.75,12.331909656932618,coexistence,stable,False
0.021041666666666667,0.8125,10.716092012093988,coexistence,stable,False
0.021041666666666667,0.875,9.301648505408991,coexistence,stable,False
0.021041666666666667,0.9375,8.06369679842328,coexistence,stable,False
0.021041666666666667,1.0,6.980495310598323,coexistence,stable,False
0.021041666666666667,1.0625,6.033036918182755,coexistence,stable,False
0.021041666666666667,1.125,5.204696137722005,coexistence,stable,False
0.021041666666666667,1.1875,4.480922653010623,coexistence,stable,False
0.021041666666666667,1.25,3.8489750048745512,coexistence,stable,False
0.021041666666666667,1.3125,3.297689074413523,coexistence,stable,False
0.021041666666666667,1.375,2.817276841875944,coexistence,stable,False
0.021041666666666667,1.4375,2.399151136831839,coexistence,stable,False
0.021041666666666667,1.5,2.035773304936431,coexistence,stable,False
0.021041666666666667,1.5625,1.7205204464641546,coexistence,stable,False
0.021041666666666667,1.625,1.4475698312785816,coexistence,stable,False
0.021041666666666667,1.6875,1.2117981669007902,coexistence,stable,False
0.021041666666666667,1.75,1.0086937325696435,coexistence,fold,False
0.021041666666666667,1.8125,0.8342798117922905,parasitoid_free,stable,False
0.021041666666666667,1.875,0.6850478475757784,parasitoid_free,stable,False
0.021041666666666667,1.9375,0.5578991415628782,parasitoid_free,stable,False
0.021041666666666667,2.0,0.45009393763925654,parasitoid_free,stable,False
0.022500000000000003,0.5,28.408817657875748,coexistence,stable,False
0.022500000000000003,0.5625,24.620757997982654,coexistence,stable,False
0.022500000000000003,0.625,21.32323387504637,coexistence,stable,False
0.022500000000000003,0.6875,18.452656296068984,coexistence,stable,False
0.022500000000000003,0.75,15.953834297390967,coexistence,stable,False
0.022500000000000003,0.8125,13.778844016564115,coexistence,stable,False
0.022500000000000003,0.875,11.886052269811792,coexistence,stable,False
0.022500000000000003,0.9375,10.239273319621915,coexistence,stable,False
0.022500000000000003,1.0,8.807040467407509,coexistence,stable,False
0.022500000000000003,1.0625,7.561976649945693,coexistence,stable,False
0.022500000000000003,1.125,6.480250410810975,coexistence,stable,False
0.022500000000000003,1.1875,5.541105494633847,coexistence,stable,False
0.022500000000000003,1.25,4.726453997845612,coexistence,stable,False
0.022500000000000003,1.3125,4.020524321523168,coexistence,stable,False
0.022500000000000003,1.375,3.4095563553174237,coexistence,stable,False
0.022500000000000003,1.4375,2.8815376121180893,coexistence,stable,False
0.022500000000000003,1.5,2.425974652423311,coexistence,stable,False
0.022500000000000003,1.5625,2.033694837222675,coexistence,stable,False
0.022500000000000003,1.625,1.6966746120751983,coexistence,stable,False
0.022500000000000003,1.6875,1.4078904423764032,coexistence,stable,False
0.022500000000000003,1.75,1.1611895521041449,coexistence,stable,False
0.022500000000000003,1.8125,0.951177612068089,coexistence,fold,False
0.022500000000000003,1.875,0.7731213508569055,parasitoid_free,stable,False
0.022500000000000003,1.9375,0.6228638799410423,parasitoid_free,stable,False
0.022500000000000003,2.0,0.49675120468665646,parasitoid_free,stable,False
0.023958333333333335,0.5,37.37715182961568,coexistence,stable,False
0.023958333333333335,0.5625,32.21148845247451,coexistence,stable,False
0.023958333333333335,0.625,27.739032132281384,coexistence,stable,False
0.023958333333333335,0.6875,23.86689584797235,coexistence,stable,False
0.023958333333333335,0.75,20.51483614264155,coexistence,stable,False
0.023958333333333335,0.8125,17.613500872729606,coexistence,stable,False
0.023958333333333335,0.875,15.102923200005085,coexistence,stable,False
0.023958333333333335,0.9375,12.93122688340764,coexistence,stable,False
0.023958333333333335,1.0,11.053512906707358,coexistence,stable,False
0.023958333333333335,1.0625,9.430901731005406,coexistence,stable,False
0.023958333333333335,1.125,8.029709225792494,coexistence,stable,False
0.023958333333333335,1.1875,6.8207372748902175,coexistence,stable,False
0.023958333333333335,1.25,5.778662850221019,coexistence,stable,False
0.023958333333333335,1.3125,4.8815118559791655,coexistence,stable,False
0.023958333333333335,1.375,4.110205634549705,coexistence,stable,False
0.023958333333333335,1.4375,3.4481700969143034,coexistence,stable,False
0.023958333333333335,1.5,2.8809984240137343,coexistence,stable,False
0.023958333333333335,1.5625,2.3961602354967715,coexistence,stable,False
0.023958333333333335,1.625,1.9827504334147834,coexistence,stable,False
0.023958333333333335,1.6875,1.6312723774628668,coexistence,stable,False
0.023958333333333335,1.75,1.3334506249439149,coexistence,stable,False
0.023958333333333335,1.8125,1.0820689929988803,coexistence,fold,False
0.023958333333333335,1.875,0.870830721403762,parasitoid_free,stable,False
0.023958333333333335,1.9375,0.6942375432414855,parasitoid_free,stable,False
0.023958333333333335,2.0,0.5474851079685303,parasitoid_free,stable,False
0.025416666666666667,0.5,48.864125156472504,coexistence,stable,False
0.025416666666666667,0.5625,41.88217749635321,coexistence,stable,False
0.025416666666666667,0.625,35.86884493205071,coexistence,stable,False
0.025416666666666667,0.6875,30.69023518967729,coexistence,stable,False
0.025416666666666667,0.75,26.231208699050494,coexistence,stable,False
0.025416666666666667,0.8125,22.392708359873573,coexistence,stable,False
0.025416666666666667,0.875,19.089474645848693,coexistence,stable,False
0.025416666666666667,0.9375,16.248089902598466,coexistence,stable,False
0.025416666666666667,1.0,13.805303913169427,coexistence,stable,False
0.025416666666666667,1.0625,11.706599822491338,coexistence,stable,False
0.025416666666666667,1.125,9.90496550079524,coexistence,stable,False
0.025416666666666667,1.1875,8.359840539286044,coexistence,stable,False
0.025416666666666667,1.25,7.036213432567674,coexistence,stable,False
0.025416666666666667,1.3125,5.903847195036251,coexistence,stable,False
0.025416666666666667,1.375,4.93661507218379,coexistence,stable,False
0.025416666666666667,1.4375,4.1119300130263055,coexistence,stable,False
0.025416666666666667,1.5,3.410255003474122,coexistence,stable,False
0.025416666666666667,1.5625,2.814682377994147,coexistence,stable,False
0.025416666666666667,1.625,2.3105720871683277,coexistence,stable,False
0.025416666666666667,1.6875,1.8852409225932911,coexistence,stable,False
0.025416666666666667,1.75,1.5276950899209116,coexistence,stable,False
0.025416666666666667,1.8125,1.2284001843006054,coexistence,stable,False
0.025416666666666667,1.875,0.9790832354949728,coexistence,fold,False
0.025416666666666667,1.9375,0.7725623120723284,parasitoid_free,stable,False
0.025416666666666667,2.0,0.602599868970836,parasitoid_free,stable,False
0.026875000000000003,0.5,63.50247195763989,coexistence,stable,False
0.026875000000000003,0.5625,54.14220878121222,coexistence,stable,False
0.026875000000000003,0.625,46.121557483283745,coexistence,stable,False
0.026875000000000003,0.6875,39.2498325618121,coexistence,stable,False
0.026875000000000003,0.75,33.36378738226885,coexistence,stable,False
0.026875000000000003,0.8125,28.32360571561422,coexistence,stable,False
0.026875000000000003,0.875,24.00948640932545,coexistence,stable,False
0.026875000000000003,0.9375,20.31873258963813,coexistence,stable,False
0.026875000000000003,1.0,17.16327009583434,coexistence,stable,False
0.026875000000000003,1.0625,14.467531153772379,coexistence,stable,False
0.026875000000000003,1.125,12.166648903975176,coexistence,stable,False
0.026875000000000003,1.1875,10.204916512685058,coexistence,stable,False
0.026875000000000003,1.25,8.534471869243761,coexistence,stable,False
0.026875000000000003,1.3125,7.114173796585988,coexistence,stable,False
0.026875000000000003,1.375,5.90864218851981,coexistence,stable,False
0.026875000000000003,1.4375,4.887437425038952,coexistence,stable,False
0.026875000000000003,1.5,4.024358800795661,coexistence,stable,False
0.026875000000000003,1.5625,3.2968440731593067,coexistence,stable,False
0.026875000000000003,1.625,2.6854559381910845,coexistence,stable,False
0.026875000000000003,1.6875,2.1734421113627422,coexistence,stable,False
0.026875000000000003,1.75,1.746358766951157,coexistence,stable,False
0.026875000000000003,1.8125,1.3917478446856593,coexistence,stable,False
0.026875000000000003,1.875,1.098860509952957,coexistence,stable,False
0.026875000000000003,1.9375,0.8584201748623185,parasitoid_free,stable,False
0.026875000000000003,2.0,0.6624193527016171,parasitoid_free,stable,False
0.028333333333333335,0.5,82.0679289678213,coexistence,neimark_sacker,False
0.028333333333333335,0.5625,69.61310428276765,coexistence,neimark_sacker,False
0.028333333333333335,0.625,58.99366363898486,coexistence,stable,False
0.028333333333333335,0.6875,49.941010793088196,coexistence,stable,False
0.028333333333333335,0.75,42.226204409721596,coexistence,stable,False
0.028333333333333335,0.8125,35.654022390477785,coexistence,stable,False
0.028333333333333335,0.875,30.057925596220958,coexistence,stable,False
0.028333333333333335,0.9375,25.295783411555146,coexistence,stable,False
0.028333333333333335,1.0,21.246244670553374,coexistence,stable,False
0.028333333333333335,1.0625,17.805655871751352,coexistence,stable,False
0.028333333333333335,1.125,14.885442391376575,coexistence,stable,False
0.028333333333333335,1.1875,12.40988310499055,coexistence,stable,False
0.028333333333333335,1.25,10.314218280061501,coexistence,stable,False
0.028333333333333335,1.3125,8.543040151889306,coexistence,stable,False
0.028333333333333335,1.375,7.048923526388437,coexistence,stable,False
0.028333333333333335,1.4375,5.7912600074055485,coexistence,stable,False
0.028333333333333335,1.5,4.735265146295818,coexistence,stable,False
0.028333333333333335,1.5625,3.85113283797528,coexistence,stable,False
0.028333333333333335,1.625,3.1133143489077213,coexistence,stable,False
0.028333333333333335,1.6875,2.4999038361520136,coexistence,stable,False
0.028333333333333335,1.75,1.9921141033377139,coexistence,stable,False
0.028333333333333335,1.8125,1.57382942407997,coexistence,stable,False
0.028333333333333335,1.875,1.2312238715298327,coexistence,stable,False
0.028333333333333335,1.9375,0.9524354943472488,coexistence,fold,False
0.028333333333333335,2.0,0.7272881772989472,parasitoid_free,stable,False
0.029791666666666668,0.5,105.5084747569644,coexistence,neimark_sacker,False
0.029791666666666668,0.5625,89.05084109934401,coexistence,neimark_sacker,False
0.029791666666666668,0.625,75.0862216964532,coexistence,neimark_sacker,False
0.029791666666666668,0.6875,63.240075818985936,coexistence,neimark_sacker,False
0.029791666666666668,0.75,53.194526593394194,coexistence,neimark_sacker,False
0.029791666666666668,0.8125,44.67968077560745,coexistence,stable,False
0.029791666666666668,0.875,37.4662937717956,coexistence,stable,False
0.029791666666666668,0.9375,31.359569521041227,coexistence,stable,False
0.029791666666666668,1.0,26.193917941741173,coexistence,stable,False
0.029791666666666668,1.0625,21.828520521278765,coexistence,stable,False
0.029791666666666668,1.125,18.14357811515385,coexistence,stable,False
0.029791666666666668,1.1875,15.03713479775185,coexistence,stable,False
0.029791666666666668,1.25,12.42238826740541,coexistence,stable,False
0.029791666666666668,1.3125,10.225411635141137,coexistence,stable,False
0.029791666666666668,1.375,8.383222139929732,coexistence,stable,False
0.029791666666666668,1.4375,6.842144254312311,coexistence,stable,False
0.029791666666666668,1.5,5.556421246432632,coexistence,stable,False
0.029791666666666668,1.5625,4.487036801890105,coexistence,stable,False
0.029791666666666668,1.625,3.6007150546706894,coexistence,stable,False
0.029791666666666668,1.6875,2.8690712647896497,coexistence,stable,False
0.029791666666666668,1.75,2.2678904416650605,coexistence,stable,False
0.029791666666666668,1.8125,1.7765142710406259,coexistence,stable,False
0.029791666666666668,1.875,1.3773200718649916,coexistence,stable,False
0.029791666666666668,1.9375,1.0552777171755814,coexistence,fold,False
0.029791666666666668,2.0,0.7975728788451508,parasitoid_free,stable,False
0.03125,0.5,134.97900928141212,coexistence,neimark_sacker,False
0.03125,0.5625,113.37220887439163,coexistence,neimark_sacker,False
0.03125,0.625,95.12479540340635,coexistence,neimark_sacker,False
0.03125,0.6875,79.71932769050846,coexistence,neimark_sacker,False
0.03125,0.75,66.718492888649,coexistence,neimark_sacker,False
0.03125,0.8125,55.752557733579884,coexistence,neimark_sacker,False
0.03125,0.875,46.50880678711746,coexistence,neimark_sacker,False
0.03125,0.9375,38.722650253867336,coexistence,stable,False
0.03125,1.0,32.17013495272629,coexistence,stable,False
0.03125,1.0625,26.66163472047651,coexistence,stable,False
0.03125,1.125,22.036533039170035,coexistence,stable,False
0.03125,1.1875,18.158739228582807,coexistence,stable,False
0.03125,1.25,14.912906810981267,coexistence,stable,False
0.03125,1.3125,12.20124272492539,coexistence,stable,False
0.03125,1.375,9.940813678082645,coexistence,stable,False
0.03125,1.4375,8.061271727204026,coexistence,stable,False
0.03125,1.5,6.502932212461934,coexistence,stable,False
0.03125,1.5625,5.215149900126368,coexistence,stable,False
0.03125,1.625,4.154945708300607,coexistence,stable,False
0.03125,1.6875,3.2858452287230393,coexistence,stable,False
0.03125,1.75,2.576895952071555,coexistence,stable,False
0.03125,1.8125,2.001835491095055,coexistence,stable,False
0.03125,1.875,1.5383873240080832,coexistence,stable,False
0.03125,1.9375,1.1676642468679244,coexistence,stable,False
0.03125,2.0,0.8736631372270087,parasitoid_free,stable,False
0.03270833333333333,0.5,171.88240369040915,coexistence,neimark_sacker,False
0.03270833333333333,0.5625,143.68587665094242,coexistence,neimark_sacker,False
0.03270833333333333,0.625,119.98285713287295,coexistence,neimark_sacker,False
0.03270833333333333,0.6875,100.06460125477838,coexistence,neimark_sacker,False
0.03270833333333333,0.75,83.33458795482255,coexistence,neimark_sacker,False
0.03270833333333333,0.8125,69.29056902804682,coexistence,neimark_sacker,False
0.03270833333333333,0.875,57.50951998086787,coexistence,neimark_sacker,False
0.03270833333333333,0.9375,47.63502036820669,coexistence,neimark_sacker,False
0.03270833333333333,1.0,39.36666462929627,coexistence,neimark_sacker,False
0.03270833333333333,1.0625,32.45117696877843,coexistence,stable,False
0.03270833333333333,1.125,26.67495152587426,coexistence,stable,False
0.03270833333333333,1.1875,21.857787131484834,coexistence,stable,False
0.03270833333333333,1.25,17.84762322509673,coexistence,stable,False
0.03270833333333333,1.3125,14.516115718651534,coexistence,stable,False
0.03270833333333333,1.375,11.754916109483698,coexistence,stable,False
0.03270833333333333,1.4375,9.47254206286331,coexistence,stable,False
0.03270833333333333,1.5,7.591743845294707,coexistence,stable,False
0.03270833333333333,1.5625,6.047286863008502,coexistence,stable,False
0.03270833333333333,1.625,4.784084289697258,coexistence,stable,False
0.03270833333333333,1.6875,3.7556237516459277,coexistence,stable,False
0.03270833333333333,1.75,2.9226411803835433,coexistence,stable,False
0.03270833333333333,1.8125,2.2520027326277106,coexistence,stable,False
0.03270833333333333,1.875,1.7157618052422512,coexistence,stable,False
0.03270833333333333,1.9375,1.290363470938816,coexistence,stable,False
0.03270833333333333,2.0,0.9559730599811468,coexistence,fold,False
0.034166666666666665,0.5,217.91797410454973,coexistence,neimark_sacker,False
0.034166666666666665,0.5625,181.3289279806018,coexistence,neimark_sacker,False
0.034166666666666665,0.625,150.70919695708287,coexistence,neimark_sacker,False
0.034166666666666665,0.6875,125.09572470125104,coexistence,neimark_sacker,False
0.034166666666666665,0.75,103.68122770423253,coexistence,neimark_sacker,False
0.034166666666666665,0.8125,85.7887717208985,coexistence,neimark_sacker,False
0.034166666666666665,0.875,70.85053752148895,coexistence,neimark_sacker,False
0.034166666666666665,0.9375,58.39008068867457,coexistence,neimark_sacker,False
0.034166666666666665,1.0,48.00750553108307,coexistence,neimark_sacker,False
0.034166666666666665,1.0625,39.36706998495161,coexistence,neimark_sacker,False
0.034166666666666665,1.125,32.18681885111678,coexistence,neimark_sacker,False
0.034166666666666665,1.1875,26.229911271586733,coexistence,stable,False
0.034166666666666665,1.25,21.297360149034045,coexistence,stable,False
0.034166666666666665,1.3125,17.22195420491386,coexistence,stable,False
0.034166666666666665,1.375,13.863166112071566,coexistence,stable,False
0.034166666666666665,1.4375,11.102885934209525,coexistence,stable,False
0.034166666666666665,1.5,8.841843541401,coexistence,stable,False
0.034166666666666665,1.5625,6.996608989459242,coexistence,stable,False
0.034166666666666665,1.625,5.497075537422718,coexistence,stable,False
0.034166666666666665,1.6875,4.284347063174475,coexistence,stable,False
0.034166666666666665,1.75,3.3089644089010375,coexistence,stable,False
0.034166666666666665,1.8125,2.5294156624634327,coexistence,stable,False
0.034166666666666665,1.875,1.9108844334040624,coexistence,stable,False
0.034166666666666665,1.9375,1.4241979475457414,coexistence,stable,False
0.034166666666666665,2.0,1.0449425325508481,coexistence,fold,False
0.035625000000000004,0.5,275.13863345718147,coexistence_nonfixed,neimark_sacker,False
0.035625000000000004,0.5625,227.90976194738957,coexistence,neimark_sacker,False
0.035625000000000004,0.625,188.55998010668577,coexistence,neimark_sacker,False
0.035625000000000004,0.6875,155.79035138344582,coexistence,neimark_sacker,False
0.035625000000000004,0.75,128.5163760759335,coexistence,neimark_sacker,False
0.035625000000000004,0.8125,105.83230586416214,coexistence,neimark_sacker,False
0.035625000000000004,0.875,86.98145185211212,coexistence,neimark_sacker,False
0.035625000000000004,0.9375,71.33147102048136,coexistence,neimark_sacker,False
0.035625000000000004,1.0,58.35379095005883,coexistence,neimark_sacker,False
0.035625000000000004,1.0625,47.606470342572685,coexistence,neimark_sacker,False
0.035625000000000004,1.125,38.71991941844746,coexistence,neimark_sacker,False
0.035625000000000004,1.1875,31.38499746737693,coexistence,neimark_sacker,False
0.035625000000000004,1.25,25.343087455729627,coexistence,neimark_sacker,False
0.035625000000000004,1.3125,20.377816999105267,coexistence,stable,False
0.035625000000000004,1.375,16.30814835695553,coexistence,stable,False
0.035625000000000004,1.4375,12.982610309253396,coexistence,stable,False
0.035625000000000004,1.5,10.274480835719515,coexistence,stable,False
0.035625000000000004,1.5625,8.077761685910772,coexistence,stable,False
0.035625000000000004,1.625,6.3038141567439565,coexistence,stable,False
0.035625000000000004,1.6875,4.878546090166509,coexistence,stable,False
0.035625000000000004,1.75,3.7400588706802353,coexistence,stable,False
0.035625000000000004,1.8125,2.8366786094281076,coexistence,stable,False
0.035625000000000004,1.875,2.1253082603122824,coexistence,stable,False
0.035625000000000004,1.9375,1.57004781236444,coexistence,stable,False
0.035625000000000004,2.0,1.141038634903091,coexistence,stable,False
0.03708333333333333,0.5,346.01814605484765,coexistence_nonfixed,neimark_sacker,False
0.03708333333333333,0.5625,285.3583815335027,coexistence_nonfixed,neimark_sacker,False
0.03708333333333333,0.625,235.03616495032688,coexistence_nonfixed,neimark_sacker,False
0.03708333333333333,0.6875,193.31165858438376,coexistence,neimark_sacker,False
0.03708333333333333,0.75,158.737933303224,coexistence,neimark_sacker,False
0.03708333333333333,0.8125,130.11130820467451,coexistence,neimark_sacker,False
0.03708333333333333,0.875,106.430180985825,coexistence,neimark_sacker,False
0.03708333333333333,0.9375,86.86088686029906,coexistence,neimark_sacker,False
0.03708333333333333,1.0,70.70937931221435,coexistence,neimark_sacker,False
0.03708333333333333,1.0625,57.39772827053616,coexistence,neimark_sacker,False
0.03708333333333333,1.125,46.44460980488498,coexistence,neimark_sacker,False
0.03708333333333333,1.1875,37.44910465254342,coexistence,neimark_sacker,False
0.03708333333333333,1.25,30.077236276889696,coexistence,neimark_sacker,False
0.03708333333333333,1.3125,24.050783957294698,coexistence,neimark_sacker,False
0.03708333333333333,1.375,19.13798119675256,coexistence,neimark_sacker,False
0.03708333333333333,1.4375,15.145779454281408,coexistence,stable,False
0.03708333333333333,1.5,11.913409722404959,coexistence,stable,False
0.03708333333333333,1.5625,9.307024457313897,coexistence,stable,False
0.03708333333333333,1.625,7.215235122781559,coexistence,stable,False
0.03708333333333333,1.6875,5.545395093347599,coexistence,stable,False
0.03708333333333333,1.75,4.220502066404398,coexistence,stable,False
0.03708333333333333,1.8125,3.176616046536008,coexistence,stable,False
0.03708333333333333,1.875,2.3607060926487384,coexistence,stable,False
0.03708333333333333,1.9375,1.7288543130654925,coexistence,stable,False
0.03708333333333333,2.0,1.2447571164070057,coexistence,stable,False
0.03854166666666667,0.5,433.53010422852293,coexistence_nonfixed,neimark_sacker,False
0.03854166666666667,0.5625,355.98520711019995,coexistence_nonfixed,neimark_sacker,False
0.03854166666666667,0.625,291.9271019073319,coexistence_nonfixed,neimark_sacker,False
0.03854166666666667,0.6875,239.04050022340138,coexistence_nonfixed,neimark_sacker,False
0.03854166666666667,0.75,195.4073148762043,coexistence,neimark_sacker,False
0.03854166666666667,0.8125,159.43809683399783,coexistence,neimark_sacker,False
0.03854166666666667,0.875,129.81540370137694,coexistence,neimark_sacker,False
0.03854166666666667,0.9375,105.44700543625747,coexistence,neimark_sacker,False
0.03854166666666667,1.0,85.42720617610873,coexistence,neimark_sacker,False
0.03854166666666667,1.0625,69.0048663697581,coexistence,neimark_sacker,False
0.03854166666666667,1.125,55.55694712859569,coexistence,neimark_sacker,False
0.03854166666666667,1.1875,44.56662373308786,coexistence,neimark_sacker,False
0.03854166666666667,1.25,35.60516684190225,coexistence,neimark_sacker,False
0.03854166666666667,1.3125,28.316939394643946,coexistence,neimark_sacker,False
0.03854166666666667,1.375,22.406966356127814,coexistence,neimark_sacker,False
0.03854166666666667,1.4375,17.630634641581153,coexistence,neimark_sacker,False
0.03854166666666667,1.5,13.7851541222511,coexistence,stable,False
0.03854166666666667,1.5625,10.70247485476472,coexistence,stable,False
0.03854166666666667,1.625,8.243411813110896,coexistence,stable,False
0.03854166666666667,1.6875,6.2927682318751685,coexistence,stable,False
0.03854166666666667,1.75,4.755287186700146,coexistence,stable,False
0.03854166666666667,1.8125,3.552289165063886,coexistence,stable,False
0.03854166666666667,1.875,2.618878816166518,coexistence,stable,False
0.03854166666666667,1.9375,1.901623579439661,coexistence,stable,False
0.03854166666666667,2.0,1.35662395530095,coexistence,stable,False
0.04,0.5,541.2405402172376,coexistence_nonfixed,neimark_sacker,False
0.04,0.5625,442.54978627469546,coexistence_nonfixed,neimark_sacker,False
0.04,0.625,361.36127348300005,coexistence_nonfixed,neimark_sacker,False
0.04,0.6875,294.6126826003303,coexistence_nonfixed,neimark_sacker,False
0.04,0.75,239.7766721215483,coexistence_nonfixed,neimark_sacker,False
0.04,0.8125,194.7669193390269,coexistence_nonfixed,neimark_sacker,False
0.04,0.875,157.8607879926513,coexistence,neimark_sacker,False
0.04,0.9375,127.63566269680882,coexistence,neimark_sacker,False
0.04,1.0,102.91650490147859,coexistence,neimark_sacker,False
0.04,1.0625,82.73265265763256,coexistence,neimark_sacker,False
0.04,1.125,66.28221121496806,coexistence,neimark_sacker,False
0.04,1.1875,52.90269461402925,coexistence,neimark_sacker,False
0.04,1.25,42.04680819669576,coexistence,neimark_sacker,False
0.04,1.3125,33.262467714448576,coexistence,neimark_sacker,False
0.04,1.375,26.1763064199366,coexistence,neimark_sacker,False
0.04,1.4375,20.480056717180567,coexistence,neimark_sacker,False
0.04,1.5,15.919299078296206,coexistence,neimark_sacker,False
0.04,1.5625,12.284167066908397,coexistence,neimark_sacker,False
0.04,1.625,9.401662358892256,coexistence,stable,False
0.04,1.6875,7.129300958376725,coexistence,stable,False
0.04,1.75,5.349856910874475,coexistence,stable,False
0.04,1.8125,3.967013604883999,coexistence,stable,False
0.04,1.875,2.9017640377399654,coexistence,stable,False
0.04,1.9375,2.089430623299821,coexistence,stable,False
0.04,2.0,1.4771970082897856,coexistence,stable,False
