sample_id,beta,h,a_B,mu_S,mu_I,delta,eta,mu_F,R_B,sigma_A,sigma_F,phi,T,K0,B_index,equilibrium_class,trajectory_class,tail_sd,A_star,F_star,K_star,rho_star,bifurcation_type,R_P,regime_shift,canopy_collapse,max_consecutive_K_below,damage_threshold_exceeded,mean_D_longrun,functional_tipping
0,0.03324635637893454,0.002053271124772727,0.008372864335644267,0.017976901134196185,0.024890668102643718,0.17455309777493938,0.6000724115190137,0.024482738695857056,9.345285067671016,0.8635292141069202,0.6687092442198518,0.03253797418295261,51.501281237404186,1.6031397117371995,1.3316500654573715,parasitoid_free,parasitoid_free,1.6800789723262108e-06,0.15836327878027487,3.109212643180084e-54,1.5990788186220304,0.9143838940017837,fold,0.3083751700585462,1,False,0,False,0.07794965670089612,False
1,0.005150491453885882,0.0029717862897541904,0.005711924357950994,0.007477700197410331,0.0264172369147479,0.20316486750451235,0.4542896413785449,0.07216201508318695,13.516410599706102,0.6897254876320141,0.38322510870742954,0.09893036668093244,53.97975732524935,2.105041195481076,1.529935059580708,parasitoid_free,parasitoid_free,4.440892098500626e-16,2.1763319112062756,7.862309293482068e-186,2.0002182441801533,0.47296404458128205,stable,0.019015660375091673,1,False,0,True,0.5163100295660031,True
2,0.037155457110751036,0.00492700535361697,0.007851249468942651,0.006626923810851913,0.025981876214906264,0.17102594107525093,0.8969613409690023,0.026090113656842547,13.074131068150965,0.8615200002301358,0.5126905811889375,0.06024918727351091,47.30604011874796,2.2304404076794238,1.9457971164548016,coexistence,coexistence_nonfixed,0.06532606261255927,0.3766004908971129,0.3127606981360918,2.21313434357934,0.9896642324613388,neimark_sacker,278.5596124873653,0,False,0,False,0.12938145227688985,False
3,0.03496555639410967,0.004409797748526713,0.0026277190917288287,0.021902964966801407,0.015080984167234409,0.11799465058868741,0.9945790600096078,0.050845724216108945,12.603275902760746,0.8111045978023916,0.5103821878614621,0.07477167570871189,59.29197245508787,1.5675643256909528,1.4013619107344737,trivial,trivial,2.5645069263634497e-10,3.481158127893902e-10,6.970718200040074e-166,1.567564325668095,0.8349097531558213,stable,0.02503854807615048,1,False,0,False,3.758565150424464e-10,False
4,0.0169527131511945,0.005294551521746805,0.0029491561995130984,0.021550123488472014,0.016494658535975114,0.15004293812202987,0.45750144362243966,0.06799069005904362,15.85913342368429,0.5238979790226346,0.5866747027661887,0.08429608847244091,60.40232463774538,1.8983067490170003,0.7839192594880371,trivial,trivial,6.661338147750939e-16,1.7934317724996692e-21,1.2701079161322542e-214,1.8983067490169996,0.6516880736787556,stable,0.009656920643572082,1,False,0,False,6.707344653755271e-21,False
5,0.01148870049839567,0.0034319067453412134,0.005843621074719643,0.004224046803747339,0.02241468835245418,0.15909870713386182,0.6181428384041063,0.022534136751030484,7.010723621641076,0.5770655227072402,0.5401789887704735,0.021066988609614506,60.607798030355895,1.5380659325319253,0.8234299728716389,parasitoid_free,parasitoid_free,1.1772383814715455e-06,2.887956672369136e-06,1.6957717462074036e-92,1.5380658629948019,0.9084747348846801,fold,0.13784862136504059,1,False,0,False,2.9088749608207635e-06,False
6,0.025556061981225366,0.004274229999268804,0.00456861650649337,0.004760269414127945,0.046325441216674236,0.05030381078014075,0.749752288895789,0.046084435866901884,10.472763036659803,0.6919560790753319,0.5379059837148142,0.0522047511684322,62.58641088116258,2.2579301621713808,1.8580779490724881,parasitoid_free,parasitoid_free,8.881784197001252e-16,1.1201724785927676,1.2170441833615193e-71,2.218981646242768,0.6736695590148332,stable,0.22474962398558282,1,False,0,False,0.3333061275554086,False
7,0.02117135584553761,0.000401809441140493,0.0012984834634059297,0.020911223500234652,0.0334639105304256,0.06718609393269842,0.4828665684790054,0.07539356873192227,14.733193447325737,0.6942918184033684,0.651405658476166,0.07013903701986002,49.21514205475607,2.318794433012052,1.9303991660010442,parasitoid_free,parasitoid_free,1.3485135270201606e-15,0.8052401482105173,2.222024507341818e-128,2.2832254144222945,0.738807259376928,stable,0.06507123945245923,1,False,0,False,0.2203952549022976,False
8,0.0248850302702838,0.008282873389212457,0.009256617727023722,0.015149005274761679,0.027644744381187563,0.13475134151495174,0.9348212983071457,0.05789943946928952,13.969819199908557,0.7711649541201946,0.6139568636011838,0.04451022149157138,60.275101381628616,2.169941701835575,0.9662683393784076,parasitoid_free,parasitoid_free,9.829905943683374e-09,0.39522062536380115,5.123960236120303e-89,2.157945934872591,0.8631140812177338,stable,0.14276178692959235,1,False,0,False,0.12454417137749338,False
9,0.02865413683919122,0.0021000491208936164,9.189457830457538e-05,0.0182174449032634,0.03782594915460249,0.055633257368307626,0.8938353276241434,0.02059003023938629,11.645426081141869,0.7387949670814447,0.3352228053003022,0.08100824562948883,58.284896868769465,1.9564235624431148,1.05490642319158,parasitoid_free,parasitoid_free,7.85691531999658e-06,2.41442792260621e-05,2.9488915217715296e-103,1.956421872127004,0.9266685106174581,fold,0.10095830524121202,1,False,0,False,1.3442863569333702e-05,False
10,0.022829840072931786,0.00683651288556407,0.004549833155487388,0.023141272878840255,0.008855683508568017,0.1677588746350399,0.8564752280010478,0.06120964933905426,14.489958854753333,0.5197498286625261,0.42200245625144595,0.05496605512990769,58.965092271958206,1.7736655458090351,1.8888210623570898,trivial,trivial,2.220446049250313e-16,4.272195764836284e-28,1.7410230343490454e-205,1.773665545809035,0.5651031259998887,stable,0.011424709983777176,1,False,0,False,3.9631675178287094e-27,False
11,0.026622681765376854,0.008865445400878198,0.0020841460745620196,0.003831354660345331,0.04435725653033935,0.20205666346672463,0.8071785992636205,0.0738660559600136,9.23481659177304,0.7858170227559333,0.6035338072763214,0.046503357892081695,57.62956661706306,2.106086018955329,0.6652019912175011,parasitoid_free,parasitoid_free,4.440892098500626e-16,1.7091329742346781,2.7288417767743957e-37,2.0593987218098957,0.5423821038010255,stable,0.478355969083555,1,False,0,False,0.4820555121826918,False
12,0.034327334540815574,0.002266395268832394,0.001992118072479157,0.027738581174924778,0.012276850739072146,0.24404247061436263,0.6300367222246142,0.030989923859610337,6.477414237366109,0.548204189094902,0.4979915355555877,0.0845772223217427,46.481252977046616,1.6125033826355726,0.8813836117216701,trivial,trivial,4.440892098500626e-16,5.064016224692188e-46,1.8985671474438724e-100,1.612503382635573,0.38358930672181524,stable,0.11793487785857827,1,False,0,False,5.926966312725907e-44,False
13,0.023336405128445425,0.0028068128764173954,0.008037958797647711,0.01034298082873578,0.02073169234787225,0.16021721758599622,0.7987157891472944,0.03375448310478563,11.085739398679776,0.7427767737243083,0.6561885882009864,0.019752987751955567,64.6074491500148,2.0115180332564866,1.256335798234062,parasitoid_free,parasitoid_free,1.258744339599208e-05,0.16430448419281926,3.014076484181642e-83,2.0089485852796063,0.931541820908821,fold,0.1551343596139001,1,False,0,False,0.0647122583718425,False
14,0.015434832111004007,0.008774779136308784,0.005468799236588011,0.01058316248280599,0.03179014707814623,0.2375502580650919,0.6890380311590325,0.06706659831021938,13.320425612927709,0.835899967062458,0.6713662992765155,0.01912585532087472,64.10547253490066,1.9918896775129613,1.0248234054537253,parasitoid_free,parasitoid_free,3.4661965168997635e-115,1.019997229900676,1.0162598616072766e-115,1.9807187399420592,0.6763101525382158,stable,0.08565309622889337,1,False,0,False,0.2940520019168371,False
15,0.012862779539780732,0.006057166639066916,0.0023275352711879835,0.02914339802041535,0.04366291736698375,0.22500319437442262,0.6988133646714996,0.02303262776007162,15.50457933274762,0.5336338252488978,0.4657745077534295,0.05635262002939593,64.36193195285496,2.414021013163166,1.2626577536270178,trivial,trivial,4.440892098500626e-16,6.5262517174362304e-52,1.3533485950068473e-105,2.4140210131631656,0.3371411571267265,stable,0.10577108762032705,1,False,0,False,8.277123484279939e-50,False
16,0.01342184906915762,0.006174612326398147,0.007072337309376869,0.012922931568318953,0.014131515131721506,0.13015561711632168,0.9817395881156296,0.0517896261269125,6.85379068812491,0.6003683398818719,0.5309711444463917,0.07380471468424848,50.16013505606793,2.472011190910105,1.8285075974955887,trivial,trivial,2.2336061276209093e-14,2.1017223071438287e-14,9.356035443190651e-150,2.4720111909101026,0.7581318119004343,stable,0.039524986423074046,1,False,0,False,3.2779573343586923e-14,False
17,0.005796090039867043,0.0031177629771389514,0.002699462236160175,0.016719164914523237,0.005223627874429695,0.16515805824285335,0.9211168229250172,0.06267881006522763,8.558518060274075,0.6242740279162451,0.5614397277353002,0.0869429443475721,54.992553336294364,2.0919984602543207,1.9954933007974338,trivial,trivial,3.059511511433647e-18,2.3437275865933796e-18,2.0404767249873876e-187,2.0919984602543207,0.6968125273222366,stable,0.017879175274226645,1,False,0,False,6.290329817356999e-18,False
18,0.03251208191556894,0.006446453483916373,0.00672505336014305,0.0035768695436703213,0.009715070471554735,0.08103333705261637,0.7564319097185574,0.060956453942292835,9.590342182546692,0.6570752104096313,0.6607157346806578,0.045725572872005585,58.598917625438574,2.115066672371289,1.4942079626145766,parasitoid_free,parasitoid_free,2.220446049250313e-16,1.1373868730930765,1.6229855108019085e-27,2.0791341720908356,0.6596296460713635,stable,0.5857380524945882,1,False,0,False,0.3747310502912794,False
19,0.03670171910814537,0.003897099076252344,0.0067839777982360685,0.029288671261455353,0.016873418019067665,0.1899375537423375,0.5595017362630712,0.07247871214088303,13.244576160176234,0.5638662913200856,0.5438378020132475,0.013463465181279834,45.36660127720184,1.890451750965966,1.7721704353207781,trivial,trivial,1.8929384759480098e-14,1.7817710358836e-14,4.0060964598591374e-178,1.8904517509659655,0.7582195583616956,stable,0.020298322006765054,1,False,0,False,2.957585579415563e-14,False
20,0.009036294838349935,0.0026984683618907694,0.0017077461926931394,0.010122304613937953,0.0496112540137135,0.11895327260504238,0.49610945684887175,0.06556792589818007,12.723667633530644,0.6761007916998525,0.5316829570826556,0.0999186007746688,46.35034448620038,1.8784376506838643,1.6213946713251173,parasitoid_free,parasitoid_free,4.440892098500626e-16,2.0010724549871304,2.775993470776805e-127,1.7796593887957137,0.44676500393167845,stable,0.06770470370575404,1,False,0,True,0.5406240946728976,True
21,0.014554951871812924,0.003605464808186752,0.0002213654489684236,0.010042837457376854,0.025706697470480943,0.20973329653744527,0.7405888899377573,0.05273231984754001,11.557277488248952,0.6209657870570688,0.6492538964161205,0.09446292108943873,53.65998578769195,1.732482409861173,0.989514086375376,parasitoid_free,parasitoid_free,6.661338147750939e-16,0.7252039867740756,3.70871215739625e-86,1.6855712483253198,0.6914050902148903,stable,0.16163989153287553,1,False,0,False,0.29059839085815903,False
22,0.016304960527413714,0.0014297162867950165,0.0007214188983052737,0.029046722879153893,0.044758974721501844,0.17303312805144766,0.7630832082423564,0.06909970838138885,12.091944218011193,0.7105506438292148,0.3035751284649013,0.09695225317520972,56.002587895556076,1.7188484745217356,0.5059488390422006,trivial,trivial,2.220446049250313e-16,1.632408193363809e-29,1.3455482984242592e-234,1.7188484745217354,0.5479796876915097,stable,0.006333586698666794,1,False,0,False,1.7898714399788822e-28,False
23,0.011842397208710834,0.0026424972561929134,0.007574060786722814,0.009515184462704654,0.02211545447786244,0.15819060356489595,0.671590776366586,0.048983283793305285,15.245694171328786,0.8179057801119534,0.6866030200535234,0.027201306515851724,53.25966517987409,2.4445522563916335,1.1768756377147884,coexistence,coexistence,1.1466334093198022e-15,3.1857379443414464,0.10199419732095678,2.4078924824108094,0.6806670129067494,stable,1.2679618773630876,0,False,0,True,0.5554918341912227,True
24,0.01371738385027129,0.008231840435912362,0.0073812646979856044,0.004587634179009183,0.0363424960919618,0.12105477058112141,0.8841929800304926,0.07001439174168562,13.120332939527056,0.780325659614467,0.5170622478981595,0.020829423074236714,52.55424182495079,1.9050560537451677,1.5364938829215524,parasitoid_free,parasitoid_free,4.440892098500626e-16,3.423751949454072,3.7594788931710437e-47,1.8766822416632918,0.38840584946394835,stable,0.38840584946394824,1,False,0,True,0.72042225527144,True
25,0.03368457518936947,0.0005737497535784748,0.00937627429934085,0.013357516003454542,0.03512044088784055,0.07493202411311328,0.9496169766274227,0.037554308150512306,9.879393754629772,0.6191038363342932,0.5750255727729331,0.06542710125334751,50.354328931579964,1.7909262454050998,1.613131946821515,parasitoid_free,parasitoid_free,7.60517802104199e-06,0.1525528912652083,4.064009263859328e-80,1.7821914078879295,0.9267494493586016,fold,0.16863726141068855,1,False,0,False,0.07473051221545764,False
26,0.007960851973680374,0.0012518179042258746,0.002370645156047548,0.024442938370272834,0.01759938125613875,0.24261338963804363,0.5640928926218428,0.03990602077887809,11.704350589355652,0.7121286608216697,0.6388522480911192,0.03078126406037799,59.19650188806655,2.4833092766701412,0.9936898248788402,trivial,trivial,2.9575991155661795e-26,1.7248884649094114e-26,7.563920243781684e-132,2.4833092766701412,0.5841514221106268,stable,0.06018218514778352,1,False,0,False,9.176462070943576e-26,False
27,0.02708484824951648,0.00030432651522354146,0.0014819614238148601,0.013551360551521594,0.01449916930287979,0.21652964237639077,0.5504240865396395,0.0368374143237022,11.138848903165231,0.7634437186650284,0.4148642155733085,0.06650032115184994,51.829400287465894,2.427000036100348,0.8959965504797639,parasitoid_free,parasitoid_free,6.486338074120658e-16,1.1488393694798629,3.480509790738903e-18,2.3787365420511013,0.7202205402857303,stable,0.7202205402857296,1,False,0,False,0.3020505650287775,False
28,0.023594777170884235,0.00046486176722861826,0.00400098159894444,0.005005687895563242,0.03434361598411224,0.08878734249617294,0.9437196628843975,0.07966200991435887,13.425142625098172,0.8147750553419746,0.3693037602628472,0.06785908789606399,58.12639514972147,1.8650203227825313,0.5661665216142082,parasitoid_free,parasitoid_free,8.881784197001252e-16,2.7709193553861273,2.0258402184272888e-23,1.7886314124658222,0.6483587284414456,stable,0.6483587284414453,1,False,0,True,0.6162947055724236,True
29,0.023737019118718717,0.0036816963856061216,0.005526458739365929,0.01639787347419121,0.036779599770794674,0.20101932843251796,0.7953794275193634,0.06934650787289674,15.457850796554307,0.7555577555420587,0.5057869649004824,0.015534413707658123,48.96773550109843,1.6461937693237638,1.2108604051512322,parasitoid_free,parasitoid_free,4.440892098500626e-16,1.5302131540522044,2.49674117648947e-22,1.634785830298281,0.6560311049863781,stable,0.6560311049863775,1,False,0,False,0.447652011208959,False
30,0.009898957526526773,0.0023474101863243993,0.004866152488564654,0.01940495032328348,0.029866439360089318,0.13825550783322227,0.677414719642249,0.06421613256173446,6.148836197571555,0.8030754484743938,0.6819542742420259,0.09525715966655736,52.67648780393528,2.4849725560572997,1.3063042988970444,trivial,trivial,4.440892098500626e-16,5.657383452711852e-25,6.288820178822175e-176,2.4849725560573,0.6035844558685213,stable,0.02315665711247303,1,False,0,False,2.950835470431431e-24,False
31,0.02068472763284144,0.00018147018430560255,0.00878392385930901,0.029972408402512925,0.03000136827720866,0.20450059554294453,0.8412299618443346,0.043643210729241405,8.086236284463556,0.8300741942907357,0.6369957642895144,0.08052436121337637,56.128169075659024,1.5510229956508288,1.2179520301841256,trivial,trivial,7.102964017639629e-45,3.005287154735823e-45,1.439751583561991e-135,1.5510229956508288,0.3897850395726675,stable,0.05498989848020979,1,False,0,False,2.7427027978235655e-43,False
32,0.010146306861835812,0.004784551204351951,0.007792241585745292,0.02106600751623503,0.021891983557607127,0.23884514031736542,0.47508924410454106,0.05848612543038717,13.606295460935128,0.633235245631531,0.31257625376870324,0.03718218078823781,48.070920780434726,2.3939316439085467,1.7335021563334814,parasitoid_free,parasitoid_free,1.448045423860122e-06,0.27671627590367154,3.129663304272792e-169,2.386077101599876,0.9059713617380507,fold,0.026111246468143456,1,False,0,False,0.0883872688949224,False
33,0.03485772925013259,0.002330334836823185,0.0050134095589792595,0.01164121938178719,0.035901802857623524,0.06575150619601978,0.7567262031972506,0.0419575105830495,9.923960328739227,0.5414173112002991,0.3532293417211303,0.09625196648221512,57.88174262659979,1.8324980955691448,0.812593918661967,trivial,trivial,2.148562198286334e-10,2.848616108497552e-10,2.960147091671284e-158,1.8324980955392562,0.8309022742682421,stable,0.03114157404169486,1,False,0,False,3.3373242636762924e-10,False
34,0.005555838484427213,0.0057131609210922755,0.004185738470132162,0.0184338731534531,0.02418077845053635,0.2172527307000806,0.460876237773866,0.03272332617373193,10.254755764525866,0.5133133338846144,0.6218041558959724,0.051223562775121925,52.89537937550607,1.9411477674650108,1.1310299576966902,trivial,trivial,4.440892098500626e-16,3.1410015324199214e-20,2.3334134917325713e-104,1.9411477674650113,0.6693262744217587,stable,0.11013561056215146,1,False,0,False,1.1448804116713573e-19,False
35,0.03231685023099631,0.009589499308168702,0.008723960195161203,0.012820313894552092,0.04576009980721055,0.21326501273217896,0.46997840841048616,0.028500893108265354,7.465741266300584,0.6089776588124837,0.6409763334707916,0.04150049623202533,59.92531578209483,2.3291956049977727,1.2076273100460555,trivial,trivial,4.440892098500626e-16,2.1760971897873425e-25,1.1795117925472174e-100,2.3291956049977722,0.5986835687443166,stable,0.1161714964607467,1,False,0,False,1.3040901441836084e-24,False
36,0.02873864195133276,0.004617693254289836,0.007284003909499929,0.015192134457894624,0.026513143997580767,0.18032158856389785,0.8728390739425085,0.054115127797723164,10.093916419512102,0.7678853283022995,0.31848061194929994,0.023116040230334894,54.30049536533705,2.3948393744274727,1.0312058607853531,parasitoid_free,parasitoid_free,1.3462619543304057e-05,0.19884138870955143,1.020667637204296e-138,2.391128376383367,0.9292875022143988,fold,0.04485447836176172,1,False,0,False,0.06709045952019706,False
37,0.030928558017548444,0.004945127926993811,0.0011624834259566605,0.01882971207173959,0.047233968525502774,0.2223531598898954,0.9704659586348996,0.0240141526509427,7.940183482792104,0.5107580445877874,0.38584988052153507,0.06940496823685585,48.80543563325082,1.670288679700184,1.9914178042603186,trivial,trivial,4.440892098500626e-16,6.09722021674303e-25,1.4036332774511028e-98,1.6702886797001844,0.606506247778629,stable,0.11951324497427036,1,False,0,False,4.926156075729749e-24,False
38,0.019165939486468813,0.0058703158186725855,0.0074726759642118265,0.020057967380253228,0.006764871673045836,0.10012073011473585,0.8830889016269377,0.06743077051447667,7.700481097368154,0.8343472162386394,0.6468887373532719,0.029962144879704805,59.44789824222312,2.4402715540452657,0.9172362324199635,trivial,trivial,8.881784197001252e-16,2.649846089870159e-28,1.4047521830851205e-205,2.4402715540452666,0.5616724852541852,stable,0.011746516993703635,1,False,0,False,1.9429371558002485e-27,False
39,0.03065210668968438,0.0037952466655669036,0.004331067181824699,0.012448290584777935,0.031391269477657684,0.10136130851789506,0.824908228925215,0.0651130078753066,7.800118781939086,0.5940639553584572,0.5495295968173566,0.06984068635858263,46.715448345803125,1.9531888011564027,1.1180808077686821,parasitoid_free,parasitoid_free,0.0006583754020628551,0.014740858560595883,1.47129484806983e-157,1.9521342134482487,0.9825703820821854,fold,0.026239851007450972,1,False,0,False,0.007948604514241191,False
40,0.027527674999684632,0.006124490447668954,0.0038536321368443966,0.009380485202036562,0.01939733279153187,0.09051214599008124,0.6120218877839848,0.06340542310326586,12.005552880876362,0.760207925301353,0.4604084268219024,0.0682835546827444,54.87067953162132,1.8754785386398551,1.4345887729786075,parasitoid_free,parasitoid_free,6.661338147750939e-16,1.4573646838868337,3.176764774642357e-66,1.82145411744498,0.553657359535713,stable,0.2536861215799473,1,False,0,False,0.42804888948999603,False
41,0.02387815415097813,0.004713918537732822,0.002793045836153059,0.017392509164193666,0.028009635499830866,0.07145982974679072,0.9748035914320576,0.038312350476890175,10.321192546633469,0.8069982838409784,0.5567854030441932,0.05177616637512036,50.08842166720059,2.0645655344100002,0.7045913701292796,parasitoid_free,parasitoid_free,2.188175376898992e-12,0.5353629465316432,5.920436822890415e-56,2.0448898724049935,0.7949293117782666,stable,0.3080116355808831,1,False,0,False,0.18494751675370472,False
42,0.005279781918840677,0.00968954504981031,0.0024918211738684396,0.011769752119798391,0.04820867691608174,0.2273140492770162,0.4425203104923762,0.02226640764055302,11.293623393638548,0.6813062709545978,0.3903851740164488,0.0552821481029147,49.574143469822694,2.4067076270846632,1.034317757085659,parasitoid_free,parasitoid_free,4.440892098500626e-16,1.3606141175296147,3.6822534921241384e-78,2.359252363066894,0.6345687220758683,stable,0.1963240459940462,1,False,0,False,0.36024124971298943,False
43,0.025858491414803227,0.002875773521667033,0.0015985400379306461,0.014615698440438057,0.012024957764294198,0.10310333886551071,0.7020346803639144,0.037706225789026285,11.275000098365233,0.8177064594032963,0.674569374339387,0.07248563065813445,46.22898109638904,2.186019722124615,0.6487802849345613,coexistence,coexistence,2.5580465713280127e-11,1.1756779162970494,0.11153551773677571,2.133697568774743,0.8122464456218144,stable,1.7205114937037718,0,False,0,False,0.33421781697766734,False
44,0.012286942624543933,0.007157665567703077,0.006639782655625396,0.007086788845953482,0.038218583564083704,0.16632266883835056,0.6296435082825109,0.058697595151375584,10.680545893767206,0.8590884221863464,0.33769906934319177,0.07655482794959585,45.55830865279573,1.584290929036468,1.169334206382388,parasitoid_free,parasitoid_free,4.440892098500626e-16,2.5153519465611014,3.759903675653205e-107,1.5033662561253334,0.35344725314801584,stable,0.10482711799724571,1,False,0,True,0.6848709713600254,True
45,0.014466040792439582,0.0033143257380578075,0.0033409345154460906,0.007631186270978336,0.0345252765414839,0.17417174793135348,0.8013908453661958,0.06990949395563398,15.751165312930876,0.544925852084902,0.5963371164241117,0.09709222298044343,57.46193862318502,1.7354380142054062,1.7115112408465638,parasitoid_free,parasitoid_free,6.661338147750939e-16,1.2191595158762376,3.2162138035243254e-81,1.6683846434431837,0.5732386759310671,stable,0.1817706116187954,1,False,0,False,0.4058405415560492,False
46,0.025698486958750183,0.0013493419785656924,0.008218354700977176,0.01717091759591385,0.01803201315263695,0.23101461527816358,0.44999609536984936,0.03872865813995857,10.219894032175592,0.8422988244285172,0.4926998317842137,0.028543179837250805,48.773542900152066,1.9245536588489416,0.6398988329336156,parasitoid_free,parasitoid_free,4.258396418696598e-15,0.6859693212400739,5.114350169108667e-69,1.9114160574549333,0.7481889178682262,stable,0.23456114993103128,1,False,0,False,0.2399773486840961,False
47,0.03586358228611134,0.0060498351888275915,0.0017804979838790711,0.015309309465981025,0.04128490591354478,0.21860530103090753,0.7380464343968487,0.04513872056002243,8.515399896678364,0.7076259579581712,0.41765321583525017,0.09798667434187296,46.98528865173036,1.9480511612587885,0.5938215822587425,parasitoid_free,parasitoid_free,5.42143915162524e-08,0.2660526279409304,1.0832662304487556e-92,1.9258783439130411,0.8786647795639357,stable,0.13259759179965172,1,False,0,False,0.11682531890098351,False
48,0.012713574943410489,0.008443334843308567,0.0038926203704915427,0.008541002851621127,0.018548302080611284,0.1513422200818983,0.8473985986406736,0.07869342577346802,14.93900831491161,0.5879907954460688,0.3013576859520371,0.01641721137607558,46.06378394508687,1.8092724301673535,1.3395550080337926,parasitoid_free,parasitoid_free,2.220446049250313e-16,2.4264487558674928,7.052687706495806e-86,1.790502313931128,0.43125588499847317,stable,0.16696690551780496,1,False,0,True,0.6352229467974849,True
49,0.014918098219118252,0.0015385998960454723,0.004418936479830275,0.026528097656422084,0.04061543179929614,0.1257505136073101,0.5805900047037378,0.05208484977154243,12.824233319497655,0.5822182855135952,0.34926653464746904,0.010134256823819911,56.284703277157526,2.1598214298646323,1.8048671945224672,trivial,trivial,1.282349601533917e-31,6.630855680691669e-32,1.7860687094939785e-185,2.1598214298646323,0.5197953032660022,stable,0.018620349348160394,1,False,0,False,8.152250513709018e-31,False
50,0.038046397104596896,0.007887789154716595,0.0013360388040174363,0.015772849006523638,0.03917253169239462,0.13312719319558994,0.6557493894074896,0.04701291711050948,6.806652981094214,0.6652704694662879,0.48880970446295646,0.027577095441094816,50.857446608084764,2.383368470262443,1.8679275651789602,trivial,trivial,4.440892098500626e-16,2.849366173125671e-16,2.026329197534319e-143,2.3833684702624436,0.7288221888021669,stable,0.044746639246284615,1,False,0,False,5.534316385148564e-16,False
51,0.014761093261592383,0.005925006945308822,0.0051197467535601905,0.027200116690043814,0.04327018382000069,0.14579230548266559,0.7059221614529625,0.056636599192172524,12.944660785910063,0.6743071963490835,0.454966845431693,0.08024219212960074,56.8906200777825,2.058839320094188,1.0456277787615276,trivial,trivial,4.440892098500626e-16,4.961751627479012e-28,2.559165243815268e-186,2.0588393200941875,0.5653105458906026,stable,0.01814025174136403,1,False,0,False,3.7853591596177925e-27,False
52,0.022975641498028287,0.003107290901982783,0.004375109062309718,0.013893406311748232,0.037459429214546765,0.05720124789084795,0.7307453010695868,0.0348546208011571,7.19473074415882,0.8383202646113013,0.6306840753549028,0.06570701379106618,56.40589889625602,2.4182235006044284,1.443808500130404,trivial,trivial,1.7548425486609568e-08,2.938927480861021e-08,2.2535677593910564e-112,2.4182234986371025,0.8663914821168368,stable,0.08830518691934497,1,False,0,False,2.0303876008323645e-08,False
53,0.03743912578338686,0.007042894911061355,0.008129485319003048,0.020386062949036426,0.005972565990455905,0.21197870928279894,0.9622917797836996,0.0496254224110086,6.171689337692883,0.5358154382957538,0.6554535739534889,0.03966405040459511,57.145820868022454,1.5297617533105368,1.6441365624066084,trivial,trivial,2.220446049250313e-16,1.7538245692830882e-54,3.3774043160749445e-151,1.529761753310537,0.31945844419242564,stable,0.038453202821127325,1,False,0,False,6.254055431283416e-52,False
54,0.02315742079396321,0.0021440934446925754,0.007222314483759711,0.0048444049294365035,0.02455363474314004,0.2084654626457484,0.8607174791605972,0.07908757653213828,8.371278608691611,0.7494990449854687,0.3472393046472733,0.08874004003759728,55.16942346528991,2.2928293000619013,0.606831154502353,parasitoid_free,parasitoid_free,4.440892098500626e-16,1.2394988279291534,2.1942314560685256e-101,2.217682645266933,0.6477844613600551,stable,0.11791904108343587,1,False,0,False,0.37552112835803786,False
55,0.015637115490288456,0.0013129398682926458,0.0007480540808996475,0.009073591187326781,0.00805352307233418,0.08976827943089737,0.5251576094706829,0.07347705031904704,13.689269768855045,0.8234840253007875,0.38702109571502413,0.05048338198182103,56.71280904597098,2.463664150840343,0.7706171351327318,parasitoid_free,parasitoid_free,4.440892098500626e-16,2.791268028391722,1.591540861108866e-96,2.4006385290822148,0.45178149635725107,stable,0.13361212840475906,1,False,0,True,0.5133368089279424,True
56,0.026837269343584852,0.008343529623826685,0.0004081384922951694,0.021849436457131513,0.0055429900879842555,0.16275490786089544,0.9920479536884507,0.030274637453683598,6.952389300073688,0.646080786882549,0.4329845738688128,0.04084593982983348,51.09737719452787,1.54743551938937,0.6218306446844644,trivial,trivial,4.440892098500626e-16,3.0492427238061633e-31,5.2246031066778435e-111,1.5474355193893705,0.528539604457859,stable,0.09218040049044263,1,False,0,False,5.590814317152935e-30,False
57,0.020829019667502238,0.004076851101265412,0.006684031663834922,0.015994842421954533,0.014511043775736043,0.1527987940472079,0.9022473173081493,0.021923395649814728,8.71872570693776,0.6782431717365766,0.305038443708468,0.05572107427873226,51.34276204928388,1.9334948423009377,0.8906431280531577,trivial,trivial,3.946858724881509e-07,8.535850470382005e-07,3.8517342786279985e-105,1.9334947945768641,0.8963544466535649,stable,0.09897132161074941,1,False,0,False,6.322983303553139e-07,False
58,0.02990899502150161,0.008543560052685636,0.006983232762533884,0.028161748728866953,0.01604258529841463,0.12314902321333569,0.5691978036667413,0.06472936807604045,6.7624066850537305,0.6592070389856446,0.565677800546533,0.08766501217162434,52.029072768403665,1.558307225646588,0.9098575265332224,trivial,trivial,2.220446049250313e-16,1.3226660643288018e-49,1.8883502986260717e-183,1.5583072256465877,0.3546319094709653,stable,0.01949612386994517,1,False,0,False,2.327398392683311e-47,False
59,0.02788989557476824,0.0070943400435543695,0.007768955761456387,0.024541509072433076,0.02308643270144066,0.24986171004947472,0.9158459022654799,0.03627196707182104,10.389577622995322,0.6063849776363419,0.5630845634384494,0.0926462338524033,62.95598495121537,1.6191820652506268,1.9158801449755625,trivial,trivial,1.8281303794889387e-48,7.438501701249178e-49,1.2421675918194427e-132,1.6191820652506268,0.3611561780374708,stable,0.0573912824894281,1,False,0,False,1.0238992386577515e-46,False
60,0.03648366896988787,0.0037424551120984473,0.0041463633480528774,0.01800603806099099,0.04260124851537395,0.23304058135300215,0.7725433976559225,0.030418907253845058,15.352366797591682,0.7844028367199851,0.3740039851999124,0.059373066777864664,59.727220326619836,1.5402276508903507,0.6327896429253815,parasitoid_free,parasitoid_free,8.585143404511043e-10,0.31488607539521135,2.9547851174612884e-44,1.5281345373931121,0.8343575983052577,stable,0.43072181637429896,1,False,0,False,0.13276214711857062,False
61,0.013906481958402158,0.007564178499580061,0.005073471797064926,0.028314700084284296,0.04934930832536821,0.16933706044805458,0.4018999430119801,0.04656842413649255,11.866885814721034,0.5564120316254254,0.4372820156776818,0.060794134277302556,46.63001035268317,2.342724489493216,1.652514878614547,trivial,trivial,8.881784197001252e-16,1.500529543466905e-20,1.8117442729383772e-140,2.3427244894932153,0.6641441235195569,stable,0.049853675925897414,1,False,0,False,4.392402394106379e-20,False
62,0.037629382230679166,0.0009626867336113717,0.00806823627085908,0.008816603806999154,0.0291858649903056,0.07803999695846729,0.9516308839694361,0.06153747977641773,6.1040548453000945,0.7991623811190267,0.4715247527868983,0.036520215965696504,50.61230627630539,2.002995977679187,0.5718953840842282,parasitoid_free,parasitoid_free,1.9532215950359924e-06,0.20544526341780173,1.7511044340733596e-137,1.9959224417466614,0.9108307166609577,fold,0.048747391345138905,1,False,0,False,0.09687120066121123,False
63,0.016193921899213065,0.004608399703333548,0.008976067336135037,0.005581022029127105,0.037571099283643355,0.18586014932632072,0.8283661012201902,0.04481748341161158,6.374112031099373,0.5380073841282411,0.3793581395515426,0.038168335403798694,55.440025111613664,2.148726723787958,1.1502184113045735,trivial,trivial,2.324647583815118e-12,2.5394559908265055e-12,8.44239847593123e-160,2.14872672378783,0.7935103482169903,stable,0.031620268409751656,1,False,0,False,3.811241627119006e-12,False
64,0.010474445179013135,0.0008842415566410099,0.007011501141195824,0.014062625787711728,0.006117488985071836,0.08765531051837763,0.8228299280754163,0.02980446941479662,11.763707317491004,0.736936574236671,0.41139750534371217,0.08208218936296223,56.64204005230869,2.2175142533593544,1.3716295364893067,parasitoid_free,parasitoid_free,2.3249894005262458e-09,0.42289692980666765,2.7264297146610555e-87,2.1922950427306445,0.8489456635534401,stable,0.15548289723640782,1,False,0,False,0.13934695455109108,False
65,0.035388017680190925,0.0034817350785171443,0.009977818551047925,0.023836549036527786,0.02098319490491425,0.11371626765167958,0.5285359245818734,0.07090983169595365,7.600150276451493,0.884635302687639,0.4334595948408888,0.07408608533184147,47.08426358628873,2.2166472514424145,1.1491357091731347,trivial,trivial,1.840224499242974e-11,2.1736490822383773e-11,4.036037000707613e-192,2.2166472514407616,0.8096222014589647,stable,0.015379898913734591,1,False,0,False,2.2323467206534334e-11,False
66,0.03204386416665159,0.000704763519191997,0.0035389378338955926,0.017451407046413243,0.04248682994893241,0.14307983260358798,0.4507464855519799,0.035352949512444144,13.024736483640892,0.733413827402323,0.5913544162793352,0.024528651477270267,61.00443799167628,2.037977339338427,0.7578310020668566,parasitoid_free,parasitoid_free,2.0464786502310873e-05,7.22157583655108e-05,2.1702228904757865e-120,2.0379758696582324,0.9359729603212907,fold,0.06842434706557658,1,False,0,False,3.578663675204184e-05,False
67,0.007687759202580439,0.00864291184166437,0.006339055704673897,0.025931266141998376,0.010263817602375307,0.08166436872532098,0.7928326306593501,0.03952921165821768,6.5743661912894895,0.698490748657644,0.5088590912796647,0.09374913957935517,62.081368790612814,1.7434530846257716,1.4114273373959054,trivial,trivial,6.661338147750939e-16,2.2983070958067993e-64,5.269181946141923e-147,1.743453084625771,0.2573797166141324,stable,0.04373477617314788,1,False,0,False,2.2282672230674607e-61,False
68,0.032793466255134025,0.007547285061097885,0.00619072069404821,0.0249480736742517,0.008551746289910211,0.15749675088958875,0.9780478459066478,0.02380472584053089,11.910892513959915,0.7913076417094993,0.5277938537279129,0.04127962111435048,62.189494370137176,2.3021693610542697,1.6823159481382335,trivial,trivial,4.440892098500626e-16,6.767177528321605e-31,4.080288673328622e-98,2.3021693610542693,0.5367123483629668,stable,0.12009726010988044,1,False,0,False,6.0709767012028855e-30,False
69,0.03886534040897428,0.00974493239496826,0.002168311516062701,0.008274188109427788,0.022830178886673522,0.16156672087435,0.7241518867960315,0.03635584243813935,8.27965987750792,0.7184838274106873,0.35768750949403383,0.042995432922053045,54.66242588968804,2.1207104095167923,1.8367896185346833,parasitoid_free,parasitoid_free,6.727898729305804e-13,0.5385351002852363,1.0747405997540507e-48,2.1020829576619446,0.7976721518727573,stable,0.364554812320466,1,False,0,False,0.20519373901146568,False
70,0.009645884662479318,0.0012113551015526156,0.009111374521828437,0.022229671477088882,0.02698637997275548,0.24665180971873696,0.4291988101743547,0.04836467373405628,14.598494171505271,0.5596352510472651,0.31724656217670444,0.07643411956420283,52.591879939465805,1.666371623839632,1.1349603468585805,trivial,trivial,5.926329532570881e-11,7.399781276658117e-11,8.350332102399654e-172,1.666371623834234,0.8202041283199881,stable,0.0249304555315328,1,False,0,False,8.852430620045917e-11,False
71,0.017398749777830895,0.006500301657451595,0.0097423075599244,0.02857209114464135,0.027751154699710835,0.23969092925803737,0.9867734786312606,0.07802232600437733,7.283652785414529,0.8418986506466523,0.47407055402768716,0.06874827940852181,63.92707889744412,2.356944370855714,1.3522761101050556,trivial,trivial,3.7316803507691665e-64,1.3288086429092665e-64,4.126203428459343e-266,2.356944370855714,0.2559398585767777,stable,0.003233667680967314,1,False,0,False,9.076802800712343e-62,False
72,0.020513535762881806,0.005025239886768986,0.0009491566262395463,0.024081311855242607,0.024347274177880525,0.09499368281503848,0.42470752865488026,0.021218743216035,14.527379877781598,0.672073329367044,0.47790425156028543,0.018757949448122212,59.635881555410215,1.5262005553925486,0.9557629512258952,trivial,trivial,2.220446049250313e-16,2.52376530379212e-18,5.910548444949664e-94,1.5262005553925488,0.6986906069903459,stable,0.13482962504935514,1,False,0,False,7.535385845764412e-18,False
73,0.0201009282111969,0.003653474008170592,0.008303376089179977,0.021313758551858852,0.03324089497805554,0.24823597212699694,0.7136759923204825,0.07609582433951613,7.775505336853951,0.6250840200332475,0.6934162450942287,0.08711262390208976,45.71444739662728,1.9132936546588954,0.6533079557930959,trivial,trivial,8.881784197001252e-16,1.2566266591834015e-17,3.19565150881526e-178,1.9132936546588946,0.7080977575166669,stable,0.02139060795492011,1,False,0,False,3.482357683851746e-17,False
74,0.02200647612810444,0.00014664240395761722,0.006854694687666108,0.022098982026400767,0.030969690904945644,0.1168553333041919,0.7182500748133478,0.05937552126404132,10.887218437947212,0.5891533869999603,0.601756997348001,0.06192798125440686,55.325317580607,1.9065611658370565,1.2869924796775198,trivial,trivial,4.440892098500626e-16,7.359687443587692e-26,1.2469168173329885e-175,1.906561165837057,0.5926814972121224,stable,0.022530819911987927,1,False,0,False,5.092733499591079e-25,False
75,0.01584625286714316,0.009284400973677652,0.0008561986667885589,0.011910067686786794,0.023344648196889937,0.10427537429691519,0.9988377833291334,0.03430986632400239,8.122874505709785,0.8829368535619322,0.6269755668411383,0.04714409965060029,47.75575575740621,1.746902164410561,0.8745802949014729,parasitoid_free,parasitoid_free,4.440892098500626e-16,0.9612899701162579,3.078118684079132e-41,1.7173420204918382,0.6363418960138264,stable,0.4325917290565918,1,False,0,False,0.36200222335859955,False
76,0.029119202756028705,0.006383924345951716,0.004819017663856555,0.022969404420518744,0.045498385749196714,0.2297632126460556,0.9328091065626882,0.042640785879515336,14.694125543156215,0.7202316671472889,0.3985163936334137,0.07576042857935279,49.806113051411494,1.97374556890163,1.077366715136132,parasitoid_free,parasitoid_free,2.490684432220243e-10,0.39093896134572487,6.513617086453635e-53,1.9537123606464004,0.8395617712913733,stable,0.33201649831223073,1,False,0,False,0.13465742432759803,False
77,0.024774943053796537,0.007737264375073212,0.003955665502093821,0.00976884957793028,0.042952242400626686,0.2410198444406953,0.4221385377532145,0.03165586434199916,15.162879127266407,0.7780596861065816,0.6695553886796175,0.08955722265948557,60.96506580360421,2.0456626208384616,1.5775677246836355,coexistence,coexistence,1.3887362348691923e-12,1.268659820962556,0.05873885176954271,1.9850950040321333,0.7900344446057981,stable,1.6134224554937937,0,False,0,False,0.33559530009799293,False
78,0.02027497847406636,0.008034239387218197,0.007133006987621006,0.00813671947523252,0.04415855860849168,0.09600818043095886,0.8124659000885539,0.027805914428787614,14.879059312031579,0.6628232668430722,0.5731817658212288,0.08285256297299962,55.0251320988669,1.691727095273724,1.8763794291795421,coexistence,coexistence,4.757135372836761e-12,1.0874767628734472,0.1242984462105399,1.6400578137604742,0.7947188407411558,stable,1.7659093073944436,0,False,0,False,0.37438145960927305,False
79,0.006580466539686912,0.009248564929415701,0.005610816763829724,0.006967478894991619,0.028756633109301523,0.12409036608076633,0.40980358761588237,0.0715855010159091,7.434207257530614,0.7757962402693088,0.5593331603780837,0.07097953666904,58.34017722899047,2.204927994557392,1.466783105995154,parasitoid_free,parasitoid_free,1.5333995667442248e-08,0.3552718934181083,5.5611793064659095e-213,2.183388187583803,0.8651795000905174,stable,0.01037571571586611,1,False,0,False,0.13830702487306817,False
80,0.030197597555701224,0.006265375996705124,0.00153962545535065,0.02639039062491536,0.015951547741361184,0.07252533814460649,0.5477689233231545,0.05832890397081607,9.675055173968616,0.555411017370813,0.37319490096119107,0.025425141842577693,52.35167540023198,2.248506329871711,1.5185703039309786,trivial,trivial,8.881784197001252e-16,9.571414302525707e-37,1.2805142269400164e-187,2.2485063298717103,0.46822784358860714,stable,0.017610317887557427,1,False,0,False,2.2667183872942888e-35,False
81,0.014019787462589202,0.0027481102862767347,0.004629185707250927,0.02327079817443501,0.027480975100136362,0.12756887577945616,0.5902164892640331,0.04821848646424,14.235141792357949,0.5685479960361951,0.38145877492903596,0.03937827348170096,54.34202877863151,2.333506894327726,1.9019622930866813,trivial,trivial,3.699320413770114e-16,3.1348939398649853e-16,3.587489984746574e-166,2.333506894327726,0.7289959213567136,stable,0.027763227931407244,1,False,0,False,5.110775833549863e-16,False
82,0.033092067383538856,0.0011473659633644503,0.006892251580601474,0.014538567497413977,0.03495274072555998,0.21014254806501237,0.867927335076699,0.03910775529478837,6.891687763238253,0.5201086119485575,0.36142432371583383,0.0625645681658491,47.536929595385,1.920261771044853,1.5908496224181818,trivial,trivial,8.562847072886125e-20,6.156685295894038e-20,9.322246608433796e-133,1.920261771044853,0.6742428020851723,stable,0.056316641119599935,1,False,0,False,2.4933224326855687e-19,False
83,0.006314666053164791,0.009404337530321182,0.00822492051610261,0.012711242194909728,0.02352365994206235,0.19136076608282876,0.5130203560358839,0.04755124349085897,15.05331090344775,0.5001610110524353,0.5668757762369694,0.04445115160245902,63.2004768739863,2.2377690677266675,1.293169517486458,trivial,trivial,2.1094373631878093e-09,3.0990417436402606e-09,5.172634283285509e-166,2.2377690675945994,0.8476137418865894,stable,0.028074984626263094,1,False,0,False,2.3930144522461655e-09,False
84,0.017567861895555672,0.007651923393996399,0.003499865557625718,0.0206470607697215,0.038865918928670376,0.14028114972214412,0.6801532108311338,0.07692135868447376,6.0292999878143405,0.8488875334144768,0.35376759908535693,0.034161169386404025,62.49155745535077,2.3468615986158268,0.846404557125415,trivial,trivial,3.583453687190538e-44,1.5280382953508374e-44,1.616418941763254e-271,2.3468615986158268,0.3953722614577083,stable,0.002891296034527449,1,False,0,False,9.21345022619104e-43,False
85,0.006161926568373814,0.00512751994585245,0.004245576765083627,0.019710471030617863,0.015487161374678163,0.10765544334119148,0.9115843520596121,0.035240346851555575,9.772968536656283,0.6845871307812565,0.4525322098566456,0.013537390767113675,51.750145793844794,2.1625993089004294,1.6353024175126414,trivial,trivial,2.50606730597142e-10,3.3217128284435914e-10,2.2739722769676527e-122,2.1625993088958846,0.830855982981149,stable,0.07305158646873416,1,False,0,False,3.0580746961974756e-10,False
86,0.03613206073949143,0.009866017013800502,0.0011001144326103181,0.009619763224933811,0.03421953685616389,0.06160915625907846,0.5444451664215946,0.06573478651507055,13.191727231155772,0.6388115832701413,0.5853704535624055,0.05321616771138379,59.09343827414431,1.8191588767112064,0.9304662759177057,parasitoid_free,parasitoid_free,8.881784197001252e-16,0.815682695866471,2.06022669568617e-99,1.7912568759388483,0.6853820661679813,stable,0.12146610535783121,1,False,0,False,0.2904512011015104,False
87,0.03903651039821517,0.00035649385381082693,0.004460252270839546,0.02692347363841387,0.01662465988671908,0.22143094986227574,0.663177161266375,0.05701957289388339,9.00537516102006,0.8872102825172423,0.6047698581656822,0.0912765993157689,61.515858368297785,1.6759051195057337,0.5343802087129305,trivial,trivial,6.661338147750939e-16,2.22196452141956e-40,1.4580659076506526e-185,1.6759051195057344,0.43344275611472294,stable,0.01812405541840354,1,False,0,False,9.733188370493063e-39,False
88,0.03606612590120622,0.008469920035692137,0.009851022173212693,0.02463826603965411,0.04324360428077721,0.09839129189256049,0.6396796806293183,0.05747636629048976,7.5429169892234675,0.8981525441817888,0.36518105405257584,0.05960432266627801,48.38126217809683,1.7791193867020267,0.519585815352073,trivial,trivial,5.166294089236824e-15,4.695914040436031e-15,3.078424262640561e-175,1.7791193867020272,0.7489361954799145,stable,0.022637642699948578,1,False,0,False,9.152968613456846e-15,False
89,0.03811212291297169,0.009063802166106671,0.006036273451475778,0.021698327660751457,0.02040828729553618,0.051453703559947606,0.7093683990521994,0.0660311943151128,12.538706941404142,0.6023221427611085,0.5993361573491318,0.040410820367506026,61.88434464867439,2.1273073695982774,1.2381833227121333,trivial,trivial,2.7142997300536947e-30,1.4422864929482104e-30,1.8652955885337892e-211,2.1273073695982774,0.5352386128545041,stable,0.010069645792290466,1,False,0,False,1.518454508700803e-29,False
90,0.03125443408603355,0.0006321924488737184,0.001659192030447537,0.008683198324290837,0.04976577929267597,0.13662724320682135,0.9538054632265763,0.04596612512797979,14.05731007392739,0.6371979436200365,0.632615946581474,0.09167201858412957,61.253664393429034,1.6086014657879626,1.7861189450976198,coexistence,coexistence,3.825092984030948e-09,0.6623417738557607,0.023466177193633177,1.5696603207774358,0.84157430467863,stable,1.6348164675381682,0,False,0,False,0.2673215579534912,False
91,0.038820897360842856,0.006995988635009572,0.00378524260629517,0.01207978291370191,0.0353910981700898,0.1453723619900897,0.5316850093978569,0.040701383831267625,6.434857825139375,0.723144115567836,0.45713714915538173,0.034503542677084977,49.08410216640527,2.374855469294606,1.8443930904872994,parasitoid_free,parasitoid_free,5.334051295079545e-05,0.00022159508997355058,1.42058970745342e-125,2.3748473832387536,0.9454122595910753,fold,0.062003607686968255,1,False,0,False,0.00011612227960808195,False
92,0.0218626809848382,0.004866014333331624,0.0047171702674679425,0.007879627559143173,0.010816201794330396,0.09386355625920326,0.8932910420665239,0.02680865698827095,7.993537015642916,0.5794897675181807,0.6795597929633128,0.04965518129564394,62.36481175990965,2.4522453029756295,0.683824294494465,trivial,trivial,5.878007316886078e-13,6.135051341233115e-13,2.6247841201695054e-94,2.4522453029755935,0.7833888962737181,stable,0.12768015897629376,1,False,0,False,7.731999480661197e-13,False
93,0.03835014999735062,0.008980512953069184,0.0009329823416977764,0.009229461849927375,0.01958966819788198,0.06821340002490606,0.8310407142430736,0.07466500313910793,14.825604787140055,0.7447077450052328,0.5842849747735825,0.021755586481250366,58.49232054415676,2.3084942957606276,0.6712569305419189,coexistence,coexistence,9.474158824830286e-11,1.2992911566013652,0.06778652074825113,2.291937321146181,0.823250292001825,stable,3.2401462571813164,0,False,0,False,0.33085940075511844,False
94,0.025373646009104463,0.00642534827996264,0.0005987412848627322,0.011117842996611033,0.013688567878734473,0.12465769017934565,0.7506711610635091,0.04014755200505342,10.7515302708054,0.8260097708421721,0.48662717932771904,0.09585553467698883,55.74423829346121,1.680444616663479,1.5015025953832932,parasitoid_free,parasitoid_free,3.3306690738754696e-16,0.9181091496734965,2.4715061318096225e-35,1.6278791971892312,0.6291966562368927,stable,0.49057809390926643,1,False,0,False,0.33154423119473575,False
95,0.028446907938399702,0.0016184501576278637,0.0040807377731388985,0.025259951420274547,0.018330271406602965,0.13936946177026932,0.4733009269569759,0.06823606149558638,8.029007858178279,0.758137487468064,0.6585671207191022,0.014845978549224856,62.82121784599204,2.177028796971044,0.68015450197086,trivial,trivial,1.4283425491862545e-50,5.681321639958657e-51,1.1794591011660607e-218,2.177028796971044,0.34404325355191445,stable,0.009055696750421616,1,False,0,False,7.75124225375672e-49,False
96,0.03978449280177179,0.00475761521577729,0.002000250006941092,0.0267816822603062,0.009283673006230838,0.1682353816003344,0.4363526395097142,0.050456114721402115,9.978897036525865,0.5081674321570582,0.5359417264172942,0.08823547606922842,57.73662060183029,1.8675641707025066,1.6925802945480712,trivial,trivial,4.440892098500626e-16,3.669277090502505e-52,1.5330409765991703e-164,1.867564170702507,0.33559965638863,stable,0.029103542209439018,1,False,0,False,7.094174400824664e-50,False
97,0.018884991680724238,0.0025650717391162664,0.0018463630639134058,0.00408798832116003,0.01734518309030429,0.052363640220365604,0.4154221307256583,0.062623017928759,11.390280011278065,0.8652559660067135,0.4892057139607269,0.04880985730060732,51.605637509757585,2.0176563007985653,0.8260618889256051,parasitoid_free,parasitoid_free,2.220446049250313e-16,3.5969561699943493,2.001303757051181e-93,1.948132170824927,0.33386448461689183,stable,0.1419973904829317,1,False,0,True,0.7184109972259465,True
98,0.029401609325964216,0.007168897294419282,0.0064581148117502755,0.01428179319166208,0.032991353988370435,0.22083261429077666,0.9069041482578887,0.02134472647030942,12.837596690364428,0.8514689904062666,0.6162902234536467,0.05277633578229872,63.45349360902676,2.272335380409358,0.6083588425405342,coexistence,coexistence,0.0001620919094543427,0.36665907766939465,6.057677720834299e-05,2.2590644184021196,1.1742887161575708,fold,1.1768867275787698,0,False,0,False,0.11099655808134531,False
99,0.02521622874003984,0.006711193433936636,0.0061395962257944515,0.017801714109131977,0.03058267901668653,0.18792782010672915,0.4177541278738802,0.05354231744681075,8.212191708641368,0.7471484314349588,0.6656954798029664,0.033664392798905055,52.80541004230976,1.5080732885280503,0.7918185922749081,trivial,trivial,1.7828356529393452e-11,2.127023452608485e-11,3.286885097333948e-150,1.5080732885272936,0.8115785335444903,stable,0.0393898557046859,1,False,0,False,3.269813149087427e-11,False
100,0.0352696022403133,0.008057908363976676,0.009822953296990008,0.02709483037501723,0.03109326514688952,0.05971998903216939,0.8190992692234793,0.07973631986916153,10.898495961542608,0.7301265193804743,0.5004190223969657,0.06340817853628791,62.24847417525315,1.5005290756127132,1.5669152675667748,trivial,trivial,2.220446049250313e-16,2.0608191201598522e-44,4.728333391994809e-261,1.5005290756127134,0.39686550063998927,stable,0.003497266658527343,1,False,0,False,1.6708630915851144e-42,False
101,0.009152268938247474,0.009461372477986714,0.00023823490252710585,0.018562442792838432,0.0156442152396244,0.08293666491482315,0.6473426348420306,0.07131629125238305,11.016331137273587,0.6498915895425718,0.3917124682115449,0.03328097046180059,63.85287888797951,1.6550131662236842,1.0843235628521835,trivial,trivial,6.661338147750939e-16,1.2490313426123487e-24,1.021427735470369e-254,1.6550131662236849,0.6091182461943467,stable,0.004123810639941748,1,False,0,False,8.233805288871403e-24,False
102,0.026477512056356543,0.00519214156009992,0.00045132609860356785,0.02804673066461468,0.03263412198093807,0.19737694482261797,0.8515464076203668,0.07716542958094308,13.45135613270703,0.8556888685213009,0.3761226366939856,0.017938995440496354,64.51334584766082,1.7239629189505248,1.0595551928572031,trivial,trivial,4.440892098500626e-16,2.857097178040314e-32,4.223825905603106e-274,1.7239629189505252,0.5163733633549252,stable,0.002590149017280368,1,False,0,False,4.035045146616184e-31,False
103,0.02110272618590729,0.0051014110839553515,0.0003185418609687731,0.025452814158114154,0.006369022939169666,0.17940425345606986,0.8661985371113964,0.022952286797305523,12.419178050067925,0.6614440609390295,0.4829157838874526,0.02682950203298516,54.528669009238925,1.7541861142413646,1.0702663838081756,trivial,trivial,6.661338147750939e-16,3.9473223096002065e-19,1.7990066915975085e-91,1.754186114241364,0.6872259538098835,stable,0.13814234350710258,1,False,0,False,1.187073331979705e-18,False
104,0.008660928283443003,0.007922863533665394,0.00718981164628162,0.019610776606902993,0.01985216734434168,0.20358629016311025,0.49176180576314155,0.037086185726049575,10.035511814440916,0.5300312182134197,0.6259901156231391,0.08361414835422856,50.24568819111434,2.253482312422946,1.8999324609894133,trivial,trivial,9.137135849234955e-19,6.831105159687802e-19,7.861905786825472e-110,2.253482312422946,0.6883724259521702,stable,0.09711673007274962,1,False,0,False,1.8252414396604965e-18,False
105,0.011215904670195542,0.007284717982183647,0.0035886229355785206,0.02116887105274684,0.03219372697584534,0.23408663539171676,0.9284002397075383,0.049712156851348166,12.166419738865876,0.5916550334301247,0.5515445099280996,0.08949882398359187,52.142016305052216,1.963614963577041,0.5462792848748913,trivial,trivial,4.010389263652469e-11,4.912203450998526e-11,4.304571722743552e-147,1.9636149635726552,0.8166197920776533,stable,0.04129041793523269,1,False,0,False,5.319214247373393e-11,False
106,0.013302829325389329,0.009906502272850958,0.009286819082561388,0.007987260960579848,0.03966708268519879,0.22359815392151344,0.7220113531916253,0.043982497681681595,8.75180085109516,0.8065138740632878,0.6832723855797935,0.046394779102000336,49.508794798429335,2.1527795311912192,1.8087078450292435,parasitoid_free,parasitoid_free,8.881784197001252e-16,1.5464486576615497,1.0405966919323478e-51,2.1085721904435664,0.5900273735603011,stable,0.34827954115107346,1,False,0,False,0.4472223244698542,False
107,0.013134131871455693,0.005384357883084198,0.0025193350790783066,0.020751354364995006,0.021332315614899445,0.18694969816679718,0.4652748158051313,0.029117309981007658,15.583142494285955,0.6161834097806371,0.5230326184230639,0.07991880864642775,62.707415899881106,1.7848059849365276,0.5899836625106002,trivial,trivial,6.661338147750939e-16,1.292255361102403e-16,1.9302178741584472e-115,1.7848059849365283,0.7241724471833881,stable,0.08424865159836535,1,False,0,False,2.710763566014029e-16,False
108,0.027201039152238187,0.00145568914406254,0.007902360158501575,0.0170399543035074,0.04828893941774365,0.24497103637515344,0.9634912416890983,0.044104905815821785,10.96220364264595,0.611173982901418,0.5533930128376143,0.07719047017402432,48.16832663573031,2.135120124101218,1.1872633564930428,parasitoid_free,parasitoid_free,3.485134369260142e-05,0.14025340418660495,1.2065092386249243e-89,2.125840851557897,0.942738571457379,fold,0.13170291584696822,1,False,0,False,0.05643562661427187,False
109,0.0083179644664647,0.004197388503625161,0.008902313272707728,0.026166591432959397,0.02010787975092184,0.1819956227195843,0.6148156267600359,0.07429937336016702,9.397955926928766,0.5430031352253323,0.6083286702269959,0.010569143500747055,45.87592725230033,1.5129981247989128,1.2433418012389796,trivial,trivial,4.440892098500626e-16,4.5884815622400886e-26,2.248633110970585e-182,1.5129981247989124,0.5904931861153311,stable,0.020129022544681855,1,False,0,False,4.401450580463632e-25,False
110,0.016494491958743106,0.00022998713394188652,0.007527194555917068,0.014219045307579357,0.011722091363265711,0.2350256561103104,0.7796863407293926,0.033272742450875754,13.856177954280493,0.6973667662742402,0.6111399852192707,0.03529811970477397,53.16806143472679,2.3810048408246467,1.4875888385978324,coexistence,coexistence,2.377865447425796e-08,0.9275659449469036,0.04533427249308503,2.3600734937106775,0.8628313762649154,stable,1.4532605100880576,0,False,0,False,0.2501504580667523,False
111,0.009818019013319898,0.007430288229351603,0.0077100322854181435,0.029732828491319193,0.04863372453824397,0.21493469194275622,0.7348496480057755,0.061918190098479875,9.661789185578261,0.6281758785965309,0.3424079156269966,0.029439236077697994,45.44970935931307,2.1941724714120716,1.101380275675103,trivial,trivial,4.440892098500626e-16,4.583697238862523e-25,2.538120320829027e-181,2.194172471412071,0.6025263819529214,stable,0.020529010447901733,1,False,0,False,2.554969417291445e-24,False
112,0.036544763831562896,0.0007387153596984048,0.003222152409448154,0.02262909456020942,0.026149348632268466,0.2422046502943867,0.5424972471910519,0.05246197376382107,8.859033336706156,0.5316883161157481,0.40486759889925855,0.03127879929556273,51.244474536676684,2.2988650479006947,1.9628026648101886,trivial,trivial,4.440892098500626e-16,4.6105576237923665e-32,1.4938256589348766e-166,2.298865047900695,0.5183088530206588,stable,0.02752717876867239,1,False,0,False,6.257562177299693e-31,False
113,0.02252961624219423,0.008927765330254949,0.004961076849528602,0.01325120806010726,0.04105358160071375,0.12990365020411332,0.573403853371411,0.07639151237720893,7.163563535948682,0.7960089181034535,0.46745301919849624,0.0785542932739108,63.60777393268049,2.0869931054955932,1.4627893059785226,trivial,trivial,4.440892098500626e-16,2.0755936573383298e-20,5.1722047114575664e-260,2.0869931054955937,0.6665604663305074,stable,0.0036262713773669098,1,False,0,False,7.011648189864622e-20,False
114,0.024437035656995742,0.009052255244983085,0.0037498286997850196,0.02733663075011488,0.013463095579482567,0.1437536866824709,0.5855195762032761,0.06057447712279243,10.629984280786783,0.7693818295603883,0.4100927523814738,0.02005040568890089,51.92709066321382,1.6599803702682419,1.703817154513487,trivial,trivial,4.440892098500626e-16,2.9729197546732854e-19,9.518850252984943e-187,1.6599803702682423,0.6842385043127304,stable,0.017653375343813848,1,False,0,False,9.696385827066045e-19,False
115,0.02462111291208204,0.00545058824505534,0.006108630523788212,0.016898992695169392,0.00541157269080714,0.10933517959334377,0.6676675730404751,0.07033495244592576,8.951080468662706,0.8715725270490977,0.44067408362818267,0.05883819688835866,46.18714509107553,1.80527557246056,0.7588968333969108,parasitoid_free,parasitoid_free,5.588000014763635e-16,0.6997510519984472,2.1445867752848784e-119,1.7772729341868585,0.7218078058932438,stable,0.07855943910567109,1,False,0,False,0.2656968198634025,False
116,0.007319093192276117,0.00091560613490556,0.0005022748311269844,0.02365121048210239,0.021612761625046318,0.05522780910724911,0.4873462020910985,0.0492495048222977,13.616040805167106,0.7275787588301232,0.4820356138996276,0.04787566188789566,63.27083737297461,2.32485786691607,1.231001170396386,trivial,trivial,4.440892098500626e-16,1.2704860103163413e-23,1.338295034142796e-179,2.3248578669160698,0.6216738572220715,stable,0.021369413023497937,1,False,0,False,4.81067180739704e-23,False
117,0.007808441649771982,0.002421670883075462,0.005920120596318754,0.025196419258603758,0.02109787299488267,0.1986476725268575,0.5718466037527229,0.06853684066807127,12.379265268222994,0.8775153493714198,0.3071598938921046,0.058374864675360634,64.28486732200197,1.6399632519990364,1.3989585276564496,trivial,trivial,6.661338147750939e-16,4.040276106829994e-28,1.3542849688018216e-259,1.6399632519990357,0.5646258404577922,stable,0.0037489914979966076,1,False,0,False,3.657255924009261e-27,False
118,0.018228214578943767,0.007361362832788499,0.008867786071479351,0.005841230828510714,0.02518888488561836,0.10652545779598566,0.9571756337794713,0.0601692256658206,14.041858918857574,0.574118421220971,0.4466578127891167,0.01134931678434334,50.67668188689314,2.207695817004947,0.9790513192433469,coexistence,coexistence,1.727919861985501e-14,2.08422485552497,0.05986465271490264,2.1944480494248073,0.7469095222507277,stable,1.3929873874146022,0,False,0,True,0.5303225045032554,True
119,0.0186528359086038,0.009789868251483164,0.006331098584573845,0.02484382172353709,0.04617644925090737,0.08429685808511857,0.50661873700504,0.020697756968441443,15.801588495458386,0.8792596295237567,0.3308329403428312,0.09481134567217804,55.59433380283949,2.4932725182200395,0.9692823888026103,parasitoid_free,parasitoid_free,0.00012931972750100844,0.13132919456167758,1.8966246743127314e-93,2.484803569263106,0.9544795469466731,fold,0.13003297149121368,1,False,0,False,0.03591192066546785,False
120,0.030310948632771065,0.0005203551361014582,0.009032788632375896,0.013188099878741033,0.013954952214559509,0.07707696982371219,0.5380277434087766,0.055988734208456056,12.899701567311386,0.6521395531951484,0.5023925303587797,0.03793948443619324,63.66980217024192,1.7984306640704202,1.341828523233823,parasitoid_free,parasitoid_free,1.184443761098939e-05,3.8273366703855044e-05,6.164061728339406e-190,1.7984294030840269,0.9301976478682034,fold,0.014219156959221825,1,False,0,False,2.2983543952693936e-05,False
121,0.015978122511910234,0.00560440000135043,0.009436416196766145,0.026041534116664985,0.04202420253732625,0.05394471076878696,0.43076893041775954,0.032508820030211674,8.912209187061041,0.6471598978656911,0.3637244865779764,0.09339955372421999,58.71420153437366,2.0089834606120034,1.5603071716927275,trivial,trivial,4.440892098500626e-16,1.1453489463307664e-48,2.37411147274628e-137,2.008983460612004,0.36161867342787685,stable,0.05392894062431048,1,False,0,False,1.2943079088628105e-46,False
122,0.03458282621174973,0.006824967157940171,0.005821532768679408,0.011448229948722351,0.02709812118356624,0.09120128222269323,0.5210695002468906,0.06395344863026059,12.718121233126382,0.8682161828799704,0.5344255848290063,0.011987054809490291,45.06028267456084,1.634564984157649,0.7425147371598317,parasitoid_free,parasitoid_free,4.440892098500626e-16,2.718245335506564,7.004071713762828e-26,1.6215488823151447,0.61078521792493,stable,0.6107852179249299,1,False,0,True,0.6669621248285222,True
123,0.01983486545289908,0.0057281344184373,0.008397247445086527,0.003232934738109669,0.03929084792503736,0.06360083674579364,0.7765673385752327,0.03863157619390491,12.319500486271252,0.6082077898319024,0.41872621249258746,0.026171134537144015,61.40917331038139,2.4368819753098245,1.0959336827788622,parasitoid_free,parasitoid_free,8.881784197001252e-16,1.7839411241629823,3.1759175961443208e-28,2.4086137206170397,0.6085449247593283,stable,0.5830090345317588,1,False,0,False,0.4458339700291127,False
124,0.03077965077716397,0.005555390814324311,0.002602963592841337,0.006812035189696496,0.047764956084329326,0.05864690132807533,0.6900614593429173,0.05552917316418528,6.635902778953406,0.7142542828246847,0.44680814130959745,0.07775298220929683,59.80786011674043,2.2439367654028612,1.3826601841614088,parasitoid_free,parasitoid_free,2.871184479888187e-05,0.00010612443299848234,8.316685278997895e-188,2.243928059515606,0.9388134132995127,fold,0.016135927051911303,1,False,0,False,6.011266855513642e-05,False
125,0.00881726807760707,0.0017275053193461073,0.007971103522252837,0.005364002245761605,0.009044034574793271,0.15423326748493876,0.43833403216437783,0.06228081833381756,6.290096554868728,0.6667681384120816,0.5155213000923183,0.022649756245137327,60.10395630960775,2.288088726667634,0.5166442561878886,trivial,trivial,3.396953896409737e-08,5.946295197518513e-08,8.812999338594588e-205,2.288088725109977,0.8721603961367551,stable,0.01220511442579023,1,False,0,False,4.793292913755794e-08,False
126,0.011702413629970296,0.00628878912373405,0.009458570193541899,0.02961149735823376,0.017242721182136437,0.18474003430291297,0.7869271871329513,0.04216079200154304,15.06824090175733,0.5725039245873937,0.39393963550372546,0.048396510394300804,58.80886954648831,2.263946255094865,1.933670824599445,trivial,trivial,2.223067679866524e-42,9.691136169215853e-43,5.544955326692954e-159,2.263946255094865,0.41096513487687686,stable,0.03300863442450093,1,False,0,False,4.1697806348002104e-41,False
127,0.0317326701127389,0.00693338688075787,0.0012242761515111765,0.016108939108735537,0.040154678694542416,0.19316296783389808,0.5175637683357427,0.07767753081441567,11.459021581818535,0.6290090095813747,0.3388122222159312,0.06385852848322028,47.42801991055639,2.022783062218323,0.8002078976558887,parasitoid_free,parasitoid_free,1.4123548802008656e-13,0.5834749938904034,1.9394608541709539e-146,1.995425329698512,0.7728933843168412,stable,0.04303722557856087,1,False,0,False,0.2132384133508657,False
128,0.031985531849743114,0.008206087682505591,0.009102746407393877,0.01068115758800273,0.014850316241046532,0.09223978395048904,0.836564861945752,0.02475507115203752,8.441694237211262,0.7880228665593418,0.6763234155373111,0.0539133574598011,49.96941513538348,1.8349613204135156,1.1626833115587145,coexistence,coexistence,3.5493017582621324e-08,0.6492278280162971,0.01338724424063253,1.8091508959598634,0.8654151451725207,stable,1.1186835848243282,0,False,0,False,0.26275097625028443,False
129,0.03163083095813028,0.004359964975784697,0.004751641225293615,0.02871846782917714,0.025314355590586347,0.1102978723386895,0.5159948278160935,0.0513535435807298,13.774583589957416,0.7545089764299753,0.44260671982520733,0.07199396946445623,55.92497451429272,2.280572476693487,1.3231525216229256,trivial,trivial,4.440892098500626e-16,5.922062844700619e-22,3.0485427976641288e-170,2.2805724766934867,0.6446201727445402,stable,0.025046547638463115,1,False,0,False,1.8337512738754058e-21,False
130,0.03960962858189975,0.0022101457835905307,0.005215239686960601,0.012178085841692301,0.013030492241052408,0.11178477710910302,0.40384761041804496,0.04445172162899796,8.490508360574765,0.7016845249139063,0.47571162971308156,0.03563201685113781,53.853409308407265,2.269496112851249,1.7929081485348295,parasitoid_free,parasitoid_free,0.0006057808069997033,0.045330977686793054,1.1476652805896333e-132,2.2680061637275744,0.9783940151013298,fold,0.049198849931307624,1,False,0,False,0.018587210469184313,False
131,0.016796633909237038,0.008794519035139706,0.00523795816295834,0.00516072824466398,0.010090189671629564,0.13359472932046185,0.8741389986599372,0.028717267244359614,11.806476361380167,0.8702095431733641,0.46222405470407707,0.02826433120928156,60.82665036673241,2.4025051374850888,1.277994491949695,coexistence,coexistence,1.4183287211562968e-08,1.1556921390532642,0.20596381955848478,2.3819030654409885,0.8549896473934803,stable,4.390982215033585,0,False,0,False,0.3047029377073148,False
132,0.01850158393679518,0.005949468929276897,0.0019234387651875138,0.00447778997366922,0.047459368935946954,0.1944834631234552,0.5099501556557363,0.053087298791521575,12.167544624397962,0.7043100996461767,0.5463646099349825,0.05691916179564797,56.808165635137904,2.4761491065213668,0.9337662708646505,parasitoid_free,parasitoid_free,4.440892098500626e-16,2.7003791273019995,5.310150705097406e-33,2.3992076990494335,0.5292002785858197,stable,0.5292002785858182,1,False,0,True,0.5545762672255756,True
133,0.019239932677807152,0.008590911574561544,0.004925191067167194,0.012572746180305579,0.03719868763960439,0.07973683943313323,0.5014660301416016,0.06318539676559926,12.253199083157021,0.64402781408944,0.6337663059699586,0.06469602123093093,61.73423654625064,2.0772510708678524,1.6586739165814306,parasitoid_free,parasitoid_free,0.0007267050173332495,0.023435057129728598,1.7761065422921782e-193,2.075972899583291,0.9825440652457993,fold,0.013100492620016975,1,False,0,False,0.009697991365100354,False
134,0.019638046867893166,0.0030333107467512567,0.009551044093383483,0.015518739306230479,0.023791515658103498,0.206519359488314,0.8135833910245052,0.025130911670700584,10.35429343550341,0.8745847456524114,0.45072668447690667,0.08173673770099718,63.02443222697056,2.0704819664363416,1.7637783734333636,trivial,trivial,1.3764967472297605e-07,2.700795859322559e-07,8.721027792710868e-108,2.070481947093708,0.8858696079660986,stable,0.09248067431811446,1,False,0,False,1.709651335567027e-07,False
135,0.005718932672317099,0.0033565893500439106,0.0028825865312317707,0.003314546683305822,0.029624104370609833,0.2070064446985984,0.7832357005373207,0.026631247709572092,14.119119841606743,0.6404888743096162,0.33314679629178184,0.07907676414702232,54.67610830590286,2.3691001487848373,0.8343717521173295,parasitoid_free,parasitoid_free,8.881784197001252e-16,3.432059404988385,1.4969288032573842e-33,2.2503164834423908,0.52029052745169,stable,0.5202905274516905,1,False,0,True,0.6504987136760415,True
136,0.015264124184514307,0.0024497249554202446,0.007388957392361774,0.006165059346847471,0.04396785227168531,0.146671450861853,0.5986057576598625,0.05512628931878265,7.352128084700165,0.8009335190340062,0.569231786041606,0.07295945486140505,61.628069783237926,1.711800110085055,1.6319061461599476,parasitoid_free,parasitoid_free,1.0404238331135187e-07,0.23412991415372866,3.350928784623951e-167,1.6971155087556864,0.883790565799542,stable,0.027267206275502706,1,False,0,False,0.11808567047722869,False
137,0.008218947041919746,0.0017007988744745513,0.0017667150884503686,0.027876498432864296,0.04154711857575308,0.07589218292093035,0.6649802120122059,0.05010672032296429,9.157591152578142,0.7400450247293425,0.3287090825065968,0.06100123896542852,47.94168970872514,1.8544448781621752,1.66928906552741,trivial,trivial,6.661338147750939e-16,8.878001240398251e-20,1.6333656493719459e-164,1.8544448781621758,0.6761566207821488,stable,0.029754258842514036,1,False,0,False,2.942181130805436e-19,False
138,0.017746529327905724,0.001102697804931868,0.0027442744482082133,0.007700898321860484,0.012528831609527748,0.2198005621598429,0.47879675736754895,0.020331423059721094,9.827916109301274,0.8889137483401931,0.5469851085316721,0.017453598686668306,54.088047233370574,1.6883621462409277,1.7581138672764445,parasitoid_free,parasitoid_free,2.9212583522295977e-10,1.5810672449630672,6.055975921195092e-11,1.6737189535537074,0.8359452048022913,stable,0.8359452051581564,1,False,0,False,0.4990859543083127,False
139,0.027703045464134626,0.00794747223972174,0.003717516597793642,0.020176340122762704,0.007548871627395501,0.21414263885082935,0.6845073749785504,0.05109895616183581,13.925966493783267,0.8973663909837453,0.6183872123004847,0.030410806568505706,45.269287260921644,1.8877174557770495,0.864418447792874,coexistence,coexistence,9.839310814573757e-12,1.1594965253401353,0.10610445943213685,1.868703922390717,0.8027070384752899,stable,2.2088741480598726,0,False,0,False,0.3328850519872726,False
140,0.03995111822600552,0.009340783033881821,0.0021487381888535776,0.018998999357820172,0.04026002375246819,0.09981845893448077,0.41055788333214727,0.029521930073124696,10.112026788922009,0.826998187075303,0.4007361134673585,0.09924145391618555,53.08778108546266,1.8441856680480746,1.8597909746064225,parasitoid_free,parasitoid_free,0.00014420536256254686,0.07571920634618975,2.3862910152462878e-104,1.8381275476730015,0.9605746609384775,fold,0.1005702716088605,1,False,0,False,0.03319872305899586,False
141,0.03699677686904834,0.00664477362098043,0.001212365727256524,0.01988427283950945,0.012904892314077578,0.09729796372365708,0.7851677450189922,0.05693122420808548,8.249922224355117,0.7954988908723162,0.6973422248005845,0.043391141961751784,50.916685672533895,2.497530880375259,0.7088233421485292,trivial,trivial,4.059449393062538e-09,6.2223811126626695e-09,4.6222366763438956e-147,2.4975308801055354,0.8539894803874888,stable,0.03841803634989177,1,False,0,False,4.341595713057883e-09,False
142,0.037728332562493305,0.0040243280020665975,0.006503640579662132,0.02883603394142235,0.04672574728835154,0.1369606640059402,0.6202393238078668,0.025959803911162562,9.174768461151983,0.513692849906205,0.30914201612182,0.0120141718852857,57.02295886956138,2.096143540224514,1.7793998321485893,trivial,trivial,1.638510739458893e-60,5.989515974309482e-61,3.085138827042891e-124,2.096143540224514,0.27748299437989243,stable,0.07035092555247661,1,False,0,False,3.1199514374233312e-58,False
143,0.028028462535511826,0.009189113021707822,0.0030954243970911983,0.006134418312363545,0.011301347574418103,0.0631339523140443,0.6418316453760002,0.05451130187757412,12.617904974289045,0.5523092628719044,0.4282697086166974,0.07135363359709768,64.14712491273349,1.7662480567758805,1.690933230396429,parasitoid_free,parasitoid_free,8.625689871272353e-13,0.48268603783997205,1.5096839043442128e-111,1.740448126287507,0.7868868493067732,stable,0.09089201426543912,1,False,0,False,0.20622538987089115,False
144,0.029564139680175825,0.009523772400760076,0.009933289640124528,0.027586900775288328,0.04752937609556315,0.18422524511698707,0.9176170746680506,0.05379605127819269,14.200788822419089,0.6883722387021798,0.5244541413811438,0.04201754538296141,46.85935500757981,1.756307121825062,1.7296226627004891,parasitoid_free,parasitoid_free,0.00029290754051765604,0.0023696207922957913,4.135066049256119e-136,1.756227253854506,0.9705943541741991,fold,0.04216159482438785,1,False,0,False,0.0011701772096720906,False
145,0.014194952686875328,0.0019520782183354336,0.0010308589838965425,0.018748771157474645,0.022638599755844944,0.19377688366961976,0.7268085060588226,0.07317390473806194,9.068485119259789,0.8119536112468702,0.664218334322618,0.015323981687947895,47.636696195808895,1.5619581472721022,0.949104011826164,parasitoid_free,parasitoid_free,1.0569056685866264e-08,0.2466188778877411,1.0067223902720061e-159,1.5589873082513461,0.8639031248812028,stable,0.032032053247636645,1,False,0,False,0.12423714528792935,False
146,0.0345353645945244,7.694941645001964e-05,0.0013949601272841422,0.0229001773738272,0.03984418350196872,0.14197310120715234,0.5539623740334297,0.033528054049727765,15.660431204206327,0.5043217892709867,0.32565958546720114,0.02202719098708341,50.53961066676685,1.575623463205789,1.113254478404881,trivial,trivial,2.1828919211310162e-07,4.571629420292422e-07,2.284455988064047e-127,1.5756234540290905,0.8930080387844002,stable,0.05982106291645092,1,False,0,False,3.830201823944861e-07,False
147,0.02972254637005729,0.004539875568666869,3.0727989022848623e-05,0.02659833235107344,0.03237414761971157,0.19912326043165413,0.6745322209788887,0.04269591979425719,10.528177228850884,0.5504152212572588,0.6921977233674317,0.0904259825178008,47.88163146976304,1.6317848341440215,1.013828893958379,trivial,trivial,2.220446049250313e-16,1.0954032398283045e-23,5.848036421143679e-112,1.6317848341440213,0.6222584148893651,stable,0.08961487723760296,1,False,0,False,6.943711360991224e-23,False
148,0.03345336063837216,0.0025342314277791178,0.005377331912507853,0.0193421303399499,0.03156758544704984,0.07083531189914531,0.6339286805856571,0.07578404015797517,15.308909660887105,0.7247196819580651,0.5178670701613965,0.06437914977173183,58.06308401298236,1.594054268056306,1.8235375213974323,parasitoid_free,parasitoid_free,1.1283533279924734e-05,0.12511792062273333,2.872546051980407e-191,1.588275617600615,0.9308162655489103,fold,0.014364493804085743,1,False,0,False,0.05641533093957962,False
149,0.010258517398903072,0.0018380274010457512,0.00844707633444475,0.005868098300616553,0.010589342405875515,0.15599470517084324,0.8391104149151986,0.07763974852740574,15.701675109404132,0.8326078082549451,0.32045613300103376,0.08339766173126388,57.9775742545997,1.5792432557898655,0.69334626414312,parasitoid_free,parasitoid_free,8.881784197001252e-16,2.856596775058643,1.5593436582874152e-107,1.4960346837670928,0.33272402018753544,stable,0.10421434945842704,1,False,0,True,0.6490315858923877,True
150,0.028997518105977622,0.003227094945106154,0.0008321064988374357,0.0036925134268615965,0.006733885485960664,0.19573549063361073,0.535455567599721,0.06876920949514138,15.198400732852889,0.7520029029675159,0.6239109475502091,0.08627204904574115,45.91600697542147,1.5946833513930003,1.918988471326735,coexistence,coexistence,9.262214823830476e-16,1.987901063870152,0.2504111279685381,1.5169955825974584,0.6750790936890859,stable,3.505964615048323,0,False,0,True,0.5789059478583682,True
151,0.017165462576260233,0.00524679522928155,0.0063911710607391595,0.017576585325187393,0.009830099300899328,0.22821677981949767,0.9261523313354899,0.04133325511230478,8.813462078426197,0.6551698012221616,0.43058004793995885,0.05445452550989915,48.31678188746579,2.1306587810686186,0.5528688148928721,parasitoid_free,parasitoid_free,9.85868208283296e-07,2.3065066535917204e-06,4.4758736712921586e-129,2.1306586546863584,0.9040948866245689,fold,0.05844250074237903,1,False,0,False,1.5038692014852833e-06,False
152,0.007016544060267447,0.00781721692762674,0.009721369418534314,0.008927649228193158,0.01198241665522989,0.08623724053858871,0.7667068395433865,0.023425307947346936,7.0762990857365935,0.5281079928699343,0.4596854099668293,0.05784999051091114,49.32298915756173,2.039924751628859,1.551150872815573,trivial,trivial,5.339078483050102e-09,8.339003715938181e-09,3.733429208074652e-91,2.039924751039558,0.8567196134605166,stable,0.14476853466264916,1,False,0,False,8.591376231500945e-09,False
153,0.012025262514926343,0.007479445102476466,0.0059501052309619195,0.02046289514818917,0.007053794568657181,0.1081270532695888,0.7665064293002697,0.06662934291940918,10.579832738239524,0.733179358180457,0.5219266791130146,0.023810015771355837,61.945371573632826,2.198878954677621,1.5985946843823586,trivial,trivial,4.440892098500626e-16,1.8660968036345648e-25,2.564847418132119e-221,2.1988789546776206,0.5974597623572073,stable,0.008416110267414649,1,False,0,False,1.0080472630960289e-24,False
154,0.006837575043479694,0.0029332913731395594,0.003238686780945065,0.003045669978971405,0.04183603526951584,0.22611697435810346,0.4976773402554487,0.02750083734977838,6.2551263861358,0.8810484255719864,0.32323025372989916,0.0662852545764728,53.77347339074982,1.9287489941201374,1.3622361478565985,parasitoid_free,parasitoid_free,4.440892098500626e-16,1.1027156989405467,2.2048763300192936e-106,1.8767423912405834,0.6251871476091097,stable,0.10624566381675231,1,False,0,False,0.4123707468429655,False
155,0.019400225533106212,0.006558425439834134,0.00867712899860063,0.0039247966985050935,0.04676127868642732,0.06484534506824169,0.6586647560285999,0.07182388006354146,15.404919611497832,0.893827738338064,0.42244070353583524,0.057281491121033194,60.698923250745295,1.8268233025946534,1.4564602771016102,parasitoid_free,parasitoid_free,1.7763568394002505e-15,3.9245147535245497,2.6676639173130656e-82,1.754117499994586,0.30997899402469636,stable,0.18133178243533787,1,False,0,True,0.7090017381774057,True
156,0.038494215434277036,0.007677391193937162,0.003155968422554238,0.028464388513794396,0.044607769089409485,0.08555425515259296,0.7123723527363981,0.041485117373814495,14.438146975451545,0.7910815515589301,0.3401054966609624,0.07538268826119716,63.41180490129814,2.032026738601977,0.9069359942018128,trivial,trivial,4.440892098500626e-16,5.077976320556492e-33,2.179359594347729e-171,2.0320267386019775,0.5082216532566817,stable,0.024498446028103884,1,False,0,False,6.678716026684198e-32,False
157,0.03930682442833393,0.0008304921070397413,0.00037499908544084824,0.025710009216920213,0.007396442831288682,0.2357650335931935,0.9421693152990591,0.043038006397111514,15.900515408198443,0.583316584260001,0.40709557230257504,0.07337768577061266,64.90128014933016,1.860926777100457,1.7207446599718617,trivial,trivial,6.661338147750939e-16,6.319639836868254e-37,2.5958706167826876e-170,1.8609267771004563,0.47515568338933156,stable,0.024923877912720202,1,False,0,False,1.4133153424946682e-35,False
158,0.03291672489907313,2.571107586630644e-05,0.005648588748721058,0.01633827786752325,0.03660440482316352,0.17798375030311392,0.8052394732550704,0.07277488122237011,12.478884221121339,0.5054339232577765,0.5776060868796115,0.08594439774709071,60.490415813887296,1.6964170003933057,1.9554547497189916,trivial,trivial,4.440892098500626e-16,1.9232596696652142e-20,5.200106923929998e-226,1.6964170003933061,0.6672173848739207,stable,0.007076004647598399,1,False,0,False,7.688314906913579e-20,False
159,0.011285577152971307,0.008674729458592503,0.0022445197531974106,0.0224667227133816,0.049141862028387336,0.17688951385702395,0.6947972617106866,0.0254750342106641,14.314780683292732,0.8933036131500556,0.4245399058386125,0.025930383847477305,60.18048469390192,1.9818292846881134,1.3864633831010724,parasitoid_free,parasitoid_free,0.00023282451537845662,0.0016092148486025434,8.758714280948965e-109,1.9817984055519786,0.9662536544340253,fold,0.0916435048044782,1,False,0,False,0.0006590752511846481,False
160,0.012433010151204339,0.001603373281573661,0.006580839880133986,0.013769168554574385,0.019216536151582756,0.14999341974716932,0.9044657864924968,0.05991717318675979,9.308256336629011,0.6355127943731297,0.5890279358129915,0.045395923644895544,55.802395388820656,2.4299797768553466,1.5134466161476343,trivial,trivial,2.8392744210424425e-09,4.244766424721011e-09,7.898429601999946e-178,2.429979776655269,0.8502738625107962,stable,0.020799976158069913,1,False,0,False,3.224508424433877e-09,False
161,0.009466524615854566,0.003518535431018236,0.005308971633023022,0.010374536531656518,0.038255992588881994,0.06915658568490479,0.8439160246207768,0.046689051892578326,11.946736279583698,0.8548314317797625,0.6424713848077164,0.012870222677389064,61.19944748969957,1.703557638943987,1.1986834961360355,parasitoid_free,parasitoid_free,3.3306690738754696e-16,0.9434251172711465,2.031703786564194e-108,1.696519330751453,0.6548398497756168,stable,0.10095006746180732,1,False,0,False,0.3216800193089349,False
162,0.010771703963130479,0.006735475156701523,0.003632909394051211,0.025503484137352015,0.03574553607407946,0.11588477736717055,0.5777212048577891,0.05617399337137269,11.202430025856906,0.6145748317699447,0.35946853075626933,0.09093184101971094,45.19466116758575,2.4585360360531014,1.0045154068342639,trivial,trivial,4.499470179649664e-09,6.916222080508659e-09,1.342967947329691e-165,2.458536035435148,0.8544006281284999,stable,0.028385034231006398,1,False,0,False,4.8116891546352105e-09,False
163,0.022402980928492324,0.0038420895360347226,0.008611625543434507,0.023442528114989883,0.0408805627234956,0.18323067210154503,0.8787288687064544,0.05918733639157096,7.836163560500168,0.8220508096953894,0.5935452298959619,0.06230501225422247,57.242022984053385,2.311297130938873,1.6031000313059973,trivial,trivial,5.977057949332319e-33,3.0128502382644612e-33,1.8701844182829231e-181,2.311297130938873,0.5048658147957206,stable,0.0200476231088893,1,False,0,False,4.2738970933585404e-32,False
164,0.03397642457108785,0.0018180953126817462,0.009644634691907407,0.02388037836118863,0.00791988175230224,0.19044671977573008,0.8889764219686196,0.03126157400695045,14.62617432701306,0.5981862402752856,0.4032315089148939,0.04915062809472314,53.40689440051462,2.0517955960527376,0.8519524633400993,trivial,trivial,6.742624720898945e-15,6.331414731897644e-15,6.50934314663493e-118,2.0517955960527376,0.7575943146401483,stable,0.07593876405079578,1,False,0,False,9.24829636027967e-15,False
165,0.02407850114763455,0.004151649206037633,0.00763507372334147,0.015619354508577307,0.018775820869776767,0.060905636773576396,0.652199954147457,0.047779671952524416,9.475739791205443,0.6706376469684714,0.3959159554109862,0.03609392927409635,51.14550797622555,1.98505362238904,1.7486853520660097,parasitoid_free,parasitoid_free,0.00043199020628971056,0.004249988198357123,6.267644183832312e-151,1.98491187818746,0.9748124204169408,fold,0.03438039081885586,1,False,0,False,0.002108117744213186,False
166,0.02826086560791437,0.004499257308051351,0.008606601288529483,0.01485034631588801,0.008274789242649704,0.2467708975822308,0.9842654544303417,0.06692140344986004,10.798626563316304,0.5666409942529599,0.36810317119568503,0.0388395371050598,47.22136080081258,1.846639529795591,0.7228453900548977,parasitoid_free,parasitoid_free,2.914749435958037e-07,0.2364397718666161,1.1534842915765194e-124,1.8387950685534225,0.8937486975051849,stable,0.0629046410926694,1,False,0,False,0.10960529065546831,False
167,0.033863121672837095,0.009946447768570966,0.00016498972870586495,0.010954508186814177,0.0338985681735754,0.15454338000563897,0.6071846570641909,0.07469291442996097,11.525762207110922,0.7059130404353885,0.4970903268291226,0.024393393356011258,53.51451628066115,2.0794168896694254,1.309641761034598,parasitoid_free,parasitoid_free,4.440892098500626e-16,1.136894298724089,4.2443531674042026e-72,2.062027567242837,0.6420847522941072,stable,0.2220829498209435,1,False,0,False,0.34426363319855324,False
168,0.03565599884563454,0.009139352929913719,0.0006383166523231615,0.006576971780410194,0.033546902323191255,0.1280719019006884,0.5875834368021009,0.0453966817386532,7.617267820538817,0.6827390067004526,0.6096773375980835,0.06732243655733894,57.33557160794407,2.1795443583589806,1.9686486282073483,parasitoid_free,parasitoid_free,1.2863914231019972e-07,0.27968790889686923,6.207467214220724e-101,2.162516030086238,0.885206933400683,stable,0.11115750956655104,1,False,0,False,0.11650612182328332,False
169,0.03117045579001028,0.0072334323394843926,0.0034208262183123912,0.011387527261144378,0.029463036334267303,0.07347876703427833,0.7460813851422783,0.02808579077101838,15.990163104288506,0.5601669764620716,0.687895584458543,0.07821616264793456,56.516545759010654,1.8141509237274671,1.4171023500901776,coexistence,coexistence,9.35706130081482e-07,0.5457968995054538,0.05429568025035965,1.784722550779976,0.8870800043906109,stable,1.879852408692856,0,False,0,False,0.20909448739502917,False
170,0.007458529328904574,0.003173172420327784,0.009580803190572149,0.024255208665186517,0.03610624484641653,0.16429090490868448,0.6438334652608274,0.06447340749301081,13.83059249119275,0.5252327229359923,0.689490934207525,0.014055085022553067,59.39314942214811,2.143487448165889,0.5251017955242946,trivial,trivial,2.384507248020388e-36,1.1332488884923049e-36,7.204956403249732e-196,2.143487448165889,0.4686262101424654,stable,0.014979384530454724,1,False,0,False,2.555545026445435e-35,False
171,0.026369950465994642,0.009646368284301014,0.006224213486189898,0.014795852047389625,0.045133650187822325,0.14841240818006196,0.9398432505385337,0.02710926924023133,13.382951683670559,0.716722851474606,0.46916397184692693,0.03199230368830047,49.39705842907872,1.9995734640848313,0.5793362932163789,coexistence,coexistence,6.955085501001316e-07,0.6542754857092805,0.09789866311674827,1.985403694550871,0.8873590712281096,stable,3.1177734535352464,0,False,0,False,0.22229155841514406,False
172,0.018086879185734397,0.005432294113079529,0.005432434672743096,0.0063396809716726975,0.030446662428123404,0.13186412068272718,0.6260091741673741,0.04038543044065366,14.99319316562357,0.8489055177691263,0.31506870886895727,0.0851517913257972,48.644372730561905,1.7085896638522275,0.7320004750710158,parasitoid_free,parasitoid_free,1.5514743073272361e-06,4.091016136423689,3.6503378455983467e-07,1.6008497230744168,0.9115829341052616,fold,0.9115846976344947,1,False,0,True,0.764912830338187,True
173,0.026018742687085403,0.001029746377212778,0.003018995941030315,0.022687002056583923,0.03863011436094181,0.11506333531320162,0.4461657673046708,0.07512822782422045,8.663352856252121,0.5701770327095779,0.49466845530917125,0.050719606089617106,64.70784758461174,2.2251042810178685,0.7410030196774567,trivial,trivial,8.881784197001252e-16,1.2079512983834298e-56,1.8393545247707185e-258,2.2251042810178694,0.3042225296886529,stable,0.0038286106967060757,1,False,0,False,3.458227987028573e-54,False
174,0.02133774956977603,0.005626883802103557,0.009214076081074577,0.007306536780200398,0.04897893621446968,0.17138430620778344,0.4864431115281784,0.03194604551827677,6.53285347831954,0.5971800663847743,0.5814430947046838,0.09225961305214415,52.32531643353642,1.5176686317868582,1.2721116266625618,parasitoid_free,parasitoid_free,8.491742120027559e-07,2.0143422464232345e-06,4.458097801014604e-103,1.5176684159644083,0.9053929113909847,fold,0.10928139570095867,1,False,0,False,2.116399201490541e-06,False
175,0.021545287084039712,0.008160230317298156,0.005772364109401069,0.01083797769091899,0.02864066700345799,0.12155875512056404,0.5935164499639922,0.035865952011068736,7.235268897958846,0.8460196935076463,0.6455962317241003,0.0984060952759256,49.77499585582486,1.622709654350459,1.981904141235566,parasitoid_free,parasitoid_free,9.359455564057337e-14,0.4754976946093788,4.281773264542752e-75,1.5864853821298937,0.7701726592456128,stable,0.20555606883592106,1,False,0,False,0.22941932564794162,False
176,0.017942068059033832,0.003996451525743097,0.00289931076010775,0.005515852948151185,0.01789618817570124,0.23138525005942162,0.8591138211525364,0.07846775786097678,6.714672686323075,0.5173322502349293,0.43861453051732574,0.032123950844915594,54.16570039252221,1.7693364438377719,1.4311874107587967,trivial,trivial,7.794672105815426e-09,1.2576383308999087e-08,1.2536698361966071e-232,1.7693364433318606,0.8613130120739259,stable,0.0062548678360580395,1,False,0,False,1.4965903952896308e-08,False
177,0.010978148196982077,0.005833283596137459,0.0033004412195072937,0.029487894206114407,0.011152621266835448,0.17607581267299288,0.9676219792163794,0.05492395351361465,9.52044962616648,0.7754252597806006,0.34531172475949407,0.018406253884525083,48.535525196793856,2.3640990577722114,0.7820020918385651,trivial,trivial,4.440892098500626e-16,2.2734923319601663e-21,2.2233040818805063e-173,2.364099057772212,0.6525558089711315,stable,0.024015144052965676,1,False,0,False,7.030276720118706e-21,False
178,0.006513956948248297,0.004321127860772745,0.008507678076202141,0.019095372042170686,0.028420104701417488,0.10554980468180097,0.6061626403771203,0.03437172868443809,11.371820642736388,0.5845806757017188,0.5798148450766653,0.016761711923922448,64.80040992767557,1.968719283589896,1.4750186267062282,trivial,trivial,4.440892098500626e-16,5.303746361165663e-35,2.2741924076104605e-130,1.9687192835898955,0.48607058790008917,stable,0.06251501154430736,1,False,0,False,1.085781630445619e-33,False
179,0.02214246951258987,0.0019408855457055904,0.002402092131297811,0.016608927019257584,0.04573967688149298,0.11326533928245226,0.5614876077952682,0.03204736797528388,14.352845718192295,0.765175721934225,0.6980031890018987,0.04396878262938648,55.45865359826137,2.352309323295068,1.5432228851472483,parasitoid_free,parasitoid_free,4.440892098500626e-16,0.9662240866502692,5.036710033621945e-23,2.3268772927642223,0.7112879404733831,stable,0.642638966953522,1,False,0,False,0.24722961975533075,False
