scenario_key,scenario_value,equilibrium_class,trajectory_class,tail_sd,A_star,F_star,K_state,rho_star,bifurcation_type,multistable,R_P,regime_shift,winner_strategy,R1_resistance,R2_resilience,R3_recovery,latitude,T_return,D_star,K_star,peak_larvae,canopy_collapse,max_consecutive_K_below,damage_threshold_exceeded,mean_D_longrun,functional_tipping
T,45.0,coexistence,coexistence,1.0104046160689915e-14,1.879874752798121,0.4617910883334545,1.974445549050423,0.7392291944640964,stable,False,2.6264811083993034,0,C,0.8039651424877695,0.513719588166335,0.9999999958577754,0.95,3.3096443907817195,0.33870216949817783,1.974445549050423,14.143270970398987,False,0,False,0.33870216949817633,False
T,46.42857142857143,coexistence,coexistence,9.256712640521688e-15,1.856351919169713,0.41756119899329697,1.9733465657233429,0.7398238687695897,stable,False,2.5687338610046653,0,C,0.8028049050648592,0.49405565010968266,0.9999999990867862,0.95,3.3184761143415646,0.3444291039946516,1.9733465657233429,14.04826466701014,False,0,False,0.3444291039946513,False
T,47.857142857142854,coexistence,coexistence,1.1030649155397167e-14,1.834846660306424,0.37596293817788057,1.9722413204127067,0.7402068631473621,stable,False,2.4996252360396163,0,C,0.8016595587247829,0.4747603584816098,0.9999999939242684,0.95,3.3241853187685315,0.3501918880632866,1.9722413204127067,13.960163474924569,False,0,False,0.35019188806328827,False
T,49.285714285714285,coexistence,coexistence,7.40688794553306e-15,1.8151389196640957,0.33680626803567637,1.9711304364121,0.7403982801040605,stable,False,2.419908696271215,0,C,0.8005211868893047,0.4566104798124928,0.9999999914035763,0.95,3.3270449830538245,0.35598732758242935,1.9711304364121,13.878333338240878,False,0,False,0.3559873275824283,False
T,50.714285714285715,coexistence,coexistence,6.149740365614688e-15,1.797039060271938,0.2999169608733488,1.9700144730939408,0.7404156883564451,stable,False,2.3304674638805785,0,C,0.7993828230787096,0.4405034939161212,0.9999999952019286,0.95,3.3273052601705153,0.3618125552527898,1.9700144730939408,13.802213146985569,False,0,False,0.3618125552527897,False
T,52.142857142857146,coexistence,coexistence,6.996343271235609e-15,1.7803828118550027,0.26513528003873676,1.9688939334860358,0.7402744943739202,stable,False,2.232300530970876,0,C,0.798238315493414,0.42748617040093895,0.9999999945668839,0.95,3.3251952148584873,0.36766499185754375,1.9688939334860358,13.731304677942262,False,0,False,0.36766499185754464,False
T,53.57142857142857,coexistence,coexistence,5.745480133379709e-15,1.7650271750193192,0.23231472849675633,1.9677692711659172,0.7399882484430728,stable,False,2.1265066603567804,0,C,0.7970822133662241,0.4188000403954337,0.9999999905216602,0.95,3.3209244402150255,0.37354231097584917,1.9677692711659172,13.665164081687864,False,0,False,0.3735423109758483,False
T,55.0,coexistence,coexistence,4.066104991912658e-15,1.7508471039704707,0.20132087239769464,1.9666408958445387,0.7395689012128992,stable,False,2.0142663988169467,0,C,0.7959096725914657,0.41595290737758606,0.9999999981769607,0.95,3.3146846031933053,0.37944241044615207,1.9666408958445387,13.603394754105462,False,0,False,0.3794424104461526,False
T,56.42857142857143,coexistence,coexistence,4.977630587419743e-15,1.73773277234883,0.17203025846185774,1.96550917867361,0.7390270183410405,stable,False,1.8968227627509004,0,C,0.7947163754849423,0.42083116609211313,0.9999999890440058,0.95,3.3066508868869917,0.38536338519002267,1.96550917867361,13.545641222298713,False,0,False,0.3853633851900233,False
T,57.85714285714286,coexistence,coexistence,3.5211168531764988e-15,1.7255873425747539,0.14432941425483198,1.9643744562488905,0.7383719605926032,stable,False,1.7754606360414742,0,C,0.7934984641507441,0.4358789649393007,0.9999999961457829,0.95,3.296983326056976,0.39130350678066816,1.9643744562488905,13.491584031543534,False,0,False,0.39130350678066694,False
T,59.285714285714285,coexistence,coexistence,3.257326998510068e-15,1.7143250875783145,0.1181139444041434,1.9632370349144272,0.7376120378992631,stable,False,1.6514855736175398,0,C,0.7922524827562883,0.4643909449457848,0.9999999909341559,0.95,3.2858280740608907,0.3972612013720503,1.9632370349144272,13.440935257093681,False,0,False,0.3972612013720497,False
T,60.714285714285715,coexistence,coexistence,2.3096908606038802e-15,1.7038698599496513,0.09328770051585084,1.9620971935412148,0.7367546373807169,stable,False,1.5262021759129696,0,C,0.7909753299865507,0.49048076520390516,0.9999999849396931,0.95,3.2733185327501166,0.4032350355555884,1.9620971935412148,13.393434797451295,False,0,False,0.40323503555558793,False
T,62.14285714285714,coexistence,coexistence,1.0335613878656588e-15,1.6941537819108774,0.06976203643015566,1.9609551867424804,0.7358063348502843,stable,False,1.400892614995139,0,C,0.7896642174061099,0.5366628330890022,0.9999999812878726,0.95,3.259576432339173,0.4092236998826516,1.9609551867424804,13.348847071492603,False,0,False,0.409223699882651,False
T,63.57142857142857,coexistence,coexistence,8.7136595140917915e-16,1.6851161508941426,0.04745513218689989,1.9598112474557967,0.7347729895294349,stable,False,1.2767956897423345,0,C,0.7883166342633712,0.6179431402234652,0.9999999868178658,0.95,3.244712814801394,0.4152259956570308,1.9598112474557967,13.306958201851216,False,0,False,0.415225995657031,False
T,65.0,coexistence,coexistence,2.5060888363265255e-13,1.6767025176455144,0.026291382706042372,1.9586655890963578,0.7826535790369563,stable,False,1.155086830598058,0,C,0.7869303175120086,0.7606348186210041,0.9999989150085483,0.85,4.080548248433076,0.42124082393687684,1.9586655890963578,13.26757359103013,False,0,False,0.42124082393678614,False
sigma_A,0.5,parasitoid_free,parasitoid_free,1.5011861650250643e-13,0.5978747188570632,2.142456751147288e-50,1.9983794674518984,0.7759738557985477,stable,False,0.3483696584482577,1,C,0.7206607643101917,0.4232987217912203,0.9999998687557153,0.95,3.9426509818641655,0.21476402232480868,1.9983794674518984,6.758721119030508,False,0,False,0.21476402232491335,False
sigma_A,0.5285714285714286,parasitoid_free,parasitoid_free,2.220446049250313e-16,0.7506128918200634,1.6312595416620667e-40,1.9906333093134234,0.7317148939004189,stable,False,0.43553294591237224,1,C,0.7319792405617248,0.5116165597095201,0.9999999878209703,0.95,3.201389863191422,0.2547131088824516,1.9906333093134234,8.005396210432815,False,0,False,0.2547131088824516,False
sigma_A,0.5571428571428572,parasitoid_free,parasitoid_free,6.661338147750939e-16,0.9024642868900785,6.101562664519077e-32,1.9837789216749,0.6917169250654845,stable,False,0.5276973481068057,1,C,0.7424143292894305,0.5882200472213959,0.999999998767368,0.95,2.7131264253172493,0.2901929411167286,1.9837789216749,9.109907350495062,False,0,False,0.29019294111672866,False
sigma_A,0.5857142857142857,parasitoid_free,parasitoid_free,4.440892098500626e-16,1.0535746305731877,1.9954771106949397e-24,1.9776702071645722,0.6554005897055821,stable,False,0.6235960457384003,1,C,0.7520658646561308,0.6536446052708917,0.9999999998640351,0.95,2.36681548810401,0.321916468124295,1.9776702071645722,10.095358533901432,False,0,False,0.3219164681242949,False
sigma_A,0.6142857142857143,parasitoid_free,parasitoid_free,8.751299687201128e-16,1.204059284311022,8.904121576845301e-18,1.9721914198431856,0.7221401643517604,stable,False,0.7221401643517602,1,C,0.7610191243943544,0.7089167856313834,0.9999999999837229,0.95,3.0718566356113794,0.3504521474029147,1.9721914198431856,10.980086200730057,False,0,False,0.35045214740291447,False
sigma_A,0.6428571428571429,parasitoid_free,parasitoid_free,5.674744694477263e-11,1.3540107813924753,7.524322907948866e-12,1.967249652218341,0.822408680313101,stable,False,0.8224086804216757,1,C,0.7693474031334212,0.7552741294411645,0.9999999999955708,0.95,5.114623063542899,0.37625889744262936,1.967249652218341,11.778832772416035,False,0,False,0.3762588974231639,False
sigma_A,0.6714285714285715,coexistence,coexistence,3.2861619474718195e-06,1.5034945358912792,1.3309886715152865e-06,1.9627698006320045,0.9236163972588147,fold,False,0.9236322145596231,0,C,0.7771136345288167,0.7940108226007547,0.9999996519132254,1.0,12.585194210109277,0.3997096649887966,1.9627698006320045,12.503544111884825,False,0,False,0.39970902558647736,False
sigma_A,0.7,coexistence,coexistence,0.00016606495227594137,1.6218871765353027,0.0046959102484543215,1.959666113595907,0.9718092032613537,fold,False,1.0251747341711621,0,C,0.7831651578761979,0.8778213808284361,0.9997621541944653,1.0,34.970186671848424,0.41599426439507436,1.959666113595907,13.033315055486277,False,0,False,0.4159691900090242,False
sigma_A,0.7285714285714286,coexistence,coexistence,5.50176307960615e-10,1.653618699344623,0.022017683052659772,1.9594395448120168,0.8456780299553034,stable,False,1.1265153357365514,0,C,0.7855835928605625,0.8117954673300904,0.9999919766530849,0.85,5.965997237948544,0.4171770886881099,1.9594395448120168,13.170912627178192,False,0,False,0.4171770885455984,False
sigma_A,0.7571428571428571,coexistence,coexistence,4.440892098500626e-16,1.6833235896110006,0.03867484491548841,1.959264805555908,0.7341385515226873,stable,False,1.2272312898085593,0,C,0.7878411806223611,0.6658740483617118,0.999999972902003,0.9,3.235643791032211,0.41809443506325866,1.959264805555908,13.297629709562457,False,0,False,0.4180944350632586,False
sigma_A,0.7857142857142858,coexistence,coexistence,7.18363771937365e-16,1.7124426126057153,0.054535063894061035,1.9590958087317099,0.7324777796786356,stable,False,1.3269828559393269,0,C,0.7900024290412966,0.5793604866161386,0.9999999814288012,0.95,3.2121055422207294,0.4189817126627646,1.9590958087317099,13.419836127898302,False,0,False,0.4189817126627644,False
sigma_A,0.8142857142857143,coexistence,coexistence,1.0367366991496099e-15,1.741009798870884,0.06966345949798866,1.9589321901661672,0.7308454598716952,stable,False,1.425499916731887,0,C,0.7920746097883018,0.5271472166296878,0.999999987131669,0.95,3.1892509406012364,0.4198408259223342,1.9589321901661672,13.537837335866037,False,0,False,0.4198408259223343,False
sigma_A,0.8428571428571429,coexistence,coexistence,2.220446049250313e-16,1.7690560808975382,0.08411778651900657,1.958773620147994,0.7292406109480418,stable,False,1.52257051601521,0,C,0.7940642235387013,0.4966470685832398,0.9999999896245969,0.95,3.1670470501639016,0.4206734992080797,1.958773620147994,13.651908572120835,False,0,False,0.4206734992080796,False
sigma_A,0.8714285714285714,coexistence,coexistence,1.191616393558691e-15,1.7966096962007199,0.09794947914768685,1.9586197983745128,0.7276622892897205,stable,False,1.6180310817297405,0,C,0.7959771048259862,0.4806713800104936,0.9999999959721843,0.95,3.1454629393621065,0.4214813032115835,1.9586197983745128,13.762298843323444,False,0,False,0.42148130321158306,False
sigma_A,0.9,coexistence,coexistence,1.0143007922829086e-15,1.8236964876244457,0.11120452507019304,1.9584704509336572,0.7261095910393122,stable,False,1.7117581160120212,0,C,0.797818508298466,0.45893997606164905,0.9999999937777285,0.95,3.124469585115926,0.42226567069927284,1.9584704509336572,13.869234114504597,False,0,False,0.42226567069927323,False
sigma_F,0.3,parasitoid_free,parasitoid_free,5.588000014763635e-16,1.938703309089693,4.285064619687665e-30,1.9517766814242412,0.5584525838133441,stable,False,0.5584525838133443,1,C,0.7970967015907279,0.8738979488080398,0.9999999999999987,1.0,1.7164860633104035,0.45748266994947434,1.9517766814242412,14.284395909986957,False,0,False,0.4574826699494743,False
sigma_F,0.32857142857142857,parasitoid_free,parasitoid_free,5.733167046599011e-16,1.938703309089693,7.220784488629906e-26,1.9517766814242412,0.6116385441765197,stable,False,0.6116385441765199,1,C,0.7970967015907279,0.8738979488080398,0.9999999999999987,1.0,2.0341170862717695,0.45748266994947434,1.9517766814242412,14.284395909986957,False,0,False,0.4574826699494743,False
sigma_F,0.35714285714285715,parasitoid_free,parasitoid_free,5.733167046599011e-16,1.938703309089693,5.487443543545654e-22,1.9517766814242412,0.6648245045396954,stable,False,0.6648245045396955,1,C,0.7970967015907279,0.8738979488080398,0.9999999999999987,1.0,2.44958643276718,0.45748266994947434,1.9517766814242412,14.284395909986957,False,0,False,0.4574826699494743,False
sigma_F,0.3857142857142857,parasitoid_free,parasitoid_free,6.148136713008272e-16,1.938703309089693,2.1292188243074323e-18,1.9517766814242412,0.7180104649028712,stable,False,0.7180104649028711,1,C,0.7970967015907285,0.8738979488080398,0.9999999999999987,1.0,3.0186753219568967,0.45748266994947423,1.9517766814242412,14.284395909986957,False,0,False,0.4574826699494744,False
sigma_F,0.41428571428571426,parasitoid_free,parasitoid_free,6.887034775761254e-14,1.938703309089626,4.638963565940664e-15,1.951776681424243,0.77119642526598,stable,False,0.7711964252660468,1,C,0.7970967015907253,0.8738979488082752,0.9999999999999968,1.0,3.8489343906060336,0.45748266994946546,1.951776681424243,14.284395909986715,False,0,False,0.4574826699494423,False
sigma_F,0.44285714285714284,parasitoid_free,parasitoid_free,5.817121085815972e-11,1.9387033090153734,6.079288397072526e-12,1.9517766814265436,0.824382385548229,stable,False,0.8243823856292224,1,C,0.7970967015879613,0.8738979490968324,0.9999999999976403,1.0,5.178106230342955,0.45748266993946946,1.9517766814265436,14.28439590972064,False,0,False,0.457482669924704,False
sigma_F,0.4714285714285714,parasitoid_free,parasitoid_free,2.855316056518784e-08,1.9387032568904858,4.963853098505458e-09,1.9517766829785448,0.8775682837190819,stable,False,0.8775683459923981,1,C,0.7970966996928825,0.8738981187064636,0.9999999984099879,1.0,7.656937912686952,0.45748266276090954,1.9517766829785448,14.28439572270707,False,0,False,0.4574826572167184,False
sigma_F,0.5,coexistence,coexistence,6.856508236400155e-06,1.9386809832742111,2.420213518180304e-06,1.951777322262959,0.9307252810570966,fold,False,0.9307543063555738,0,C,0.7970959092376175,0.8739548657722678,0.9999993587176056,1.0,13.929298427340829,0.4574795265469459,1.951777322262959,14.284315721786973,False,0,False,0.45747847802328623,False
sigma_F,0.5285714285714286,coexistence,coexistence,0.000306052895270981,1.9349666664308594,0.00045321655046928153,1.951880616832428,0.9786724157877134,fold,False,0.9839402667187495,0,C,0.7969670386480978,0.8806225509803598,0.9999224278701956,1.0,46.38583923988394,0.45694523898027595,1.951880616832428,14.270948865497664,False,0,False,0.45690635925168843,False
sigma_F,0.5571428571428572,coexistence,coexistence,8.110893238383934e-05,1.8883937413083118,0.006496489734134669,1.9531746951098958,0.9611247320335051,fold,False,1.037126227081925,0,C,0.7953469580459712,0.9513768903407949,0.9998091813296055,1.0,25.219991186937914,0.4501203253419489,1.9531746951098958,14.100959170323453,False,0,False,0.450109110155393,False
sigma_F,0.5857142857142856,coexistence,coexistence,2.438828340382604e-07,1.8224470736030178,0.015581484145567766,1.9550544897610362,0.9010601242476265,fold,False,1.0903121874451005,0,C,0.7929900001004471,0.8676963281260504,0.9999570181285118,1.0,9.59846795928677,0.44022253583522186,1.9550544897610362,13.852645684802834,False,0,False,0.44022249118239154,False
sigma_F,0.6142857142857143,coexistence,coexistence,1.556533123050963e-11,1.761182374791533,0.02463453738897374,1.9568518453142727,0.8197488800632279,stable,False,1.1434981478082764,0,C,0.7907317740185508,0.7730335270555071,0.9999971070696427,0.85,5.0312635306912865,0.43077036929945733,1.9568518453142727,13.613584211955235,False,0,False,0.43077036929507867,False
sigma_F,0.6428571428571428,coexistence,coexistence,6.903647322763728e-16,1.7044380128035959,0.0335997507955962,1.958561949061564,0.7313387852601607,stable,False,1.1966841081714519,0,C,0.7885784150781106,0.7005901044412808,0.9999999383236602,0.9,3.1961291340911973,0.4217851186643627,1.958561949061564,13.384593877005223,False,0,False,0.42178511866436275,False
sigma_F,0.6714285714285715,coexistence,coexistence,7.58426711504582e-16,1.6516805428623798,0.04247954303261718,1.9601925267795972,0.7379870532048014,stable,False,1.2498700685346278,0,C,0.7865204552706379,0.6435835156719356,0.9999999620872302,0.95,3.291325080352388,0.4132250184249047,1.9601925267795972,13.164849245737495,False,0,False,0.4132250184249047,False
sigma_F,0.7,coexistence,coexistence,1.472877282518059e-15,1.6024598554079295,0.05127627422533541,1.9617503450465643,0.7442861327327753,stable,False,1.3030560288978033,0,C,0.7845496251120329,0.5977010202408042,0.9999999604970343,0.95,3.386045815138113,0.40505353455622295,1.9617503450465643,12.953620678236431,False,0,False,0.40505353455622295,False
delta,0.05,parasitoid_free,parasitoid_free,6.661338147750939e-16,1.938703319195817,2.4706784981284073e-33,1.9517766812472532,0.5192120379143607,stable,False,0.5192120379143609,1,C,0.7970967021152312,0.8738979506221252,0.999999999999998,1.0,1.5256858480549262,0.4574826708822248,1.9517766812472532,14.284395946697623,False,0,False,0.45748267088222494,False
delta,0.0642857142857143,parasitoid_free,parasitoid_free,6.661338147750939e-16,1.938703315215715,2.6847692347216594e-24,1.9517766813169073,0.6308514724494001,stable,False,0.6308514724494001,1,C,0.7970967017622984,0.8738979538912512,0.9999999999999989,1.0,2.1706814248070567,0.45748267051514246,1.9517766813169073,14.284395932239656,False,0,False,0.4574826705151424,False
delta,0.07857142857142857,parasitoid_free,parasitoid_free,1.012679207245471e-15,1.9387033128489175,4.6646759395954126e-17,1.9517766813583355,0.7369759512569141,stable,False,0.7369759512569141,1,C,0.7970967016981776,0.8738979529192092,0.9999999999999989,1.0,3.276539781480741,0.45748267029680745,1.9517766813583355,14.284395923642146,False,0,False,0.457482670296807,False
delta,0.09285714285714286,parasitoid_free,parasitoid_free,2.8778488203655314e-10,1.9387033108601464,4.460639288879871e-11,1.951776681398358,0.8377264760574195,stable,False,0.8377264764279315,1,C,0.79709670160051,0.8738979535787981,0.9999999999875643,1.0,5.647687133377703,0.45748267009626215,1.951776681398358,14.284395916436841,False,0,False,0.45748267002839427,False
delta,0.10714285714285715,coexistence,coexistence,9.159654496312158e-06,1.9386723170085294,4.125092965446665e-06,1.9517775667454318,0.9332906239210299,fold,False,0.9333263319221295,0,C,0.79709555895631,0.873971807643749,0.9999991184066453,1.0,14.484643772199735,0.4574783153545911,1.9517775667454318,14.284284579084767,False,0,False,0.4574769339431327,False
delta,0.12142857142857144,coexistence,coexistence,0.00020734281669996128,1.9015472919242016,0.005413982982949808,1.952804397412262,0.9730323828540942,fold,False,1.0240397754375523,0,C,0.7957670602881592,0.9268692297010312,0.999781102356097,1.0,36.57923317131474,0.4520749277534018,1.952804397412262,14.149403257450802,False,0,False,0.45204772283881767,False
delta,0.13571428571428573,coexistence,coexistence,1.106401313321778e-08,1.7931152412130344,0.02122826287934209,1.955903439083843,0.8744669899493774,stable,False,1.1101470270774216,0,C,0.7918281465891805,0.8324560241824761,0.9999819676798154,0.9,7.45485715473246,0.4357568843290986,1.955903439083843,13.739204760179092,False,0,False,0.43575688200826274,False
delta,0.15000000000000002,coexistence,coexistence,6.661338147750939e-16,1.7070647087457482,0.03371132801175635,1.9584796003747977,0.7310403322797496,stable,False,1.1919293908592756,0,C,0.7886438257092511,0.7072085714787704,0.9999999357847215,0.9,3.1919649647831854,0.422217616437458,1.9584796003747977,13.395352627337157,False,0,False,0.422217616437458,False
delta,0.1642857142857143,coexistence,coexistence,5.588000014763635e-16,1.6380597333785578,0.04364922071249921,1.960625214909861,0.7396498137330122,stable,False,1.2696605799654386,0,C,0.7860622700941933,0.6240687879219693,0.9999999867273878,0.95,3.315887020634225,0.41095471604324496,1.960625214909861,13.107023526997638,False,0,False,0.41095471604324463,False
delta,0.1785714285714286,coexistence,coexistence,1.7342238036525468e-15,1.5814956796587545,0.051724365197635944,1.9624401624886518,0.746785633450666,stable,False,1.3436018909820482,0,C,0.7839344001197706,0.5658014418845829,0.9999999761912397,0.95,3.424926074505652,0.4014371927748218,1.9624401624886518,12.861812386813403,False,0,False,0.4014371927748222,False
delta,0.1928571428571429,coexistence,coexistence,3.936310829535193e-15,1.534285407375403,0.058399521654088696,1.9639956839040877,0.7527881199064788,stable,False,1.4139997299200915,0,C,0.7821555056492455,0.5233377184627737,0.9999999531770518,0.95,3.5214804952174745,0.39328709371350085,1.9639956839040877,12.650729479119242,False,0,False,0.3932870937134995,False
delta,0.20714285714285718,coexistence,coexistence,1.2051793528491118e-14,1.4942833363539125,0.06399863054623747,1.9653439337417777,0.7579015447266022,stable,False,1.4810846974681409,0,C,0.7806500947433993,0.49146826768105045,0.9999999847326296,0.95,3.6074803124538986,0.3862282071505472,1.9653439337417777,12.467110028180652,False,0,False,0.38622820715054773,False
delta,0.22142857142857142,coexistence,coexistence,2.6517307602223514e-14,1.4599526908592872,0.06875465401487625,1.9665239594734847,0.7623055487834606,stable,False,1.5450714553437876,0,C,0.7793624982037523,0.4669986076383503,0.9999999505691616,0.95,3.6844922017020654,0.3800540461630133,1.9665239594734847,12.305912886289642,False,0,False,0.38005404616301147,False
delta,0.2357142857142857,coexistence,coexistence,4.640094750520751e-14,1.4301642701950958,0.07283905097666961,1.9675655699860188,0.7661350351525784,stable,False,1.6061592145911217,0,C,0.7782508495518374,0.4478680309479641,0.999999934790027,0.95,3.753798299416713,0.37460718254127623,1.9675655699860188,12.163256966309813,False,0,False,0.37460718254128816,False
delta,0.25,coexistence,coexistence,5.059158537539765e-14,1.404069929184405,0.07638057993865438,1.9684919132391867,0.7694931740740246,stable,False,1.6645324303005082,0,C,0.7772831137850292,0.43269235621451285,0.9999999714985286,0.95,3.8164560006980364,0.3697655046348623,1.9684919132391867,12.036106981630223,False,0,False,0.3697655046348362,False
mu_S,0.003,coexistence,coexistence,1.305564372887035e-14,1.655332962754121,0.165708498124654,1.9580576923555817,0.7489959309767604,stable,False,2.2968312760739993,0,C,0.7933318809730041,0.40372929693620385,0.9999999863486307,0.95,3.4599474808252335,0.4244337753136997,1.9580576923555817,13.17405638980599,False,0,False,0.4244337753137023,False
mu_S,0.004928571428571429,coexistence,coexistence,2.3456992164206726e-15,1.669526580048607,0.09512278450796113,1.958729423887335,0.7408693205398843,stable,False,1.6341961244478507,0,C,0.7902085031578241,0.46486406139457825,0.9999999918589584,0.95,3.334099900855721,0.42090559195028016,1.958729423887335,13.237118311397094,False,0,False,0.42090559195027905,False
mu_S,0.006857142857142857,coexistence,coexistence,3.4065981916361576e-11,1.6837384352383717,0.024442185114917237,1.9594013479420629,0.8231682086652432,stable,False,1.1393439610381764,0,C,0.7871064517102763,0.7865220707968399,0.999996397423407,0.85,5.13888572453709,0.41737760766272963,1.9594013479420629,13.299820555888353,False,0,False,0.4173776076530384,False
mu_S,0.008785714285714286,parasitoid_free,parasitoid_free,1.2581247960889153e-13,1.4001604507592327,1.0688064537844062e-14,1.9695476292689202,0.7733716457169331,stable,False,0.7733716457170949,1,C,0.7717714571581955,0.7672729785800796,0.999999999998885,0.95,3.8911177721831103,0.3642504168486936,1.9695476292689202,12.019201133291844,False,0,False,0.3642504168486412,False
mu_S,0.010714285714285714,parasitoid_free,parasitoid_free,2.5478751668559514e-16,0.999481710921964,5.974126912948571e-34,1.9852236858916898,0.6683640900842749,stable,False,0.5066235539315933,1,C,0.7486902522157117,0.6309466166452751,0.9999999997246187,0.95,2.4818686533792675,0.2827043350091996,1.9852236858916898,9.763519926665525,False,0,False,0.2827043350091995,False
mu_S,0.012642857142857143,parasitoid_free,parasitoid_free,2.7106954003695072e-14,0.6421514619667449,4.6662969924987e-55,2.0016938368472323,0.7624600552352537,stable,False,0.3162667350563364,1,C,0.7240862076015138,0.4506380602035007,0.9999999437795397,0.95,3.687245499742822,0.19771818123552626,2.0016938368472323,7.140402220110295,False,0,False,0.1977181812355438,False
mu_S,0.014571428571428572,parasitoid_free,parasitoid_free,1.68504999212273e-08,0.3229256866864146,1.3695838059806476e-78,2.019157918413941,0.8669869830953174,stable,False,0.1845068693242637,1,C,0.6980144133806996,0.24013674679745312,0.9999913465402833,0.95,7.006170949081467,0.1083638100422812,2.019157918413941,4.088783094695364,False,0,False,0.10836381732225753,False
mu_S,0.0165,parasitoid_free,parasitoid_free,0.0005202688257114172,0.04313718201097948,3.2658500490198923e-103,2.037411090199449,0.9775825589372198,fold,False,0.09727528586435098,1,C,0.6711874548877812,0.009262800873866217,0.9994822605361877,1.0,44.10623505381715,0.01575075699651987,2.037411090199449,0.6204063413041859,False,0,False,0.01591572545889087,False
mu_S,0.01842857142857143,parasitoid_free,parasitoid_free,5.37161624267588e-07,1.1892452905942793e-06,4.4369573195273046e-111,2.040541817244976,0.8987252750833838,stable,False,0.0880670789017128,1,C,0.002141567723527027,0.3046404204233317,0.9999999083734334,1.0,9.365235513053259,4.262939019123733e-07,2.040541817244976,1.7466053064448447e-05,False,0,False,6.701106436626093e-07,False
mu_S,0.020357142857142855,trivial,trivial,2.2915091207287524e-12,2.5090317404421345e-12,2.0393797183381006e-112,2.0405419113409513,0.794007447603503,stable,False,0.08806707890119696,1,C,-0.9498193651888176,0.4516019252272838,0.9999999999997881,1.0,4.3353395940523995,8.659306736007553e-13,2.0405419113409513,3.684934252491062e-11,False,0,False,2.649336937643154e-12,False
mu_S,0.022285714285714284,trivial,trivial,4.440892098500626e-16,4.6247755867533586e-18,4.950070966088569e-113,2.0405419113411685,0.7014903737769407,stable,False,0.08806707890044896,1,C,-0.9999999075044883,0.6100996965756393,0.9999999999999996,1.0,2.820491760381194,1.5381963053238887e-18,2.0405419113411685,6.792259218980533e-17,False,0,False,9.72108862211575e-18,False
mu_S,0.024214285714285712,trivial,trivial,4.440892098500626e-16,8.506021365054204e-24,2.122606245021281e-113,2.0405419113411685,0.6197533112384552,stable,False,0.08806707889940253,1,C,-0.9999999999998299,0.7428102389493525,0.9999999999999996,1.0,2.0901534814147533,2.7288889370180303e-24,2.0405419113411685,1.2492520112569078e-22,False,0,False,3.6143958146379724e-23,False
mu_S,0.02614285714285714,trivial,trivial,4.440892098500626e-16,1.582315211818461e-29,1.1983064197881232e-113,2.0405419113411685,0.547540182184433,stable,False,0.08806707889799413,1,C,-1.0,0.8349025328205808,0.9999999999999996,1.0,1.6602486218011172,4.9008783233905524e-30,2.0405419113411685,2.3238954805917256e-28,False,0,False,1.3642326084076003e-28,False
mu_S,0.02807142857142857,trivial,trivial,4.440892098500626e-16,2.974921381834298e-35,7.913872870067688e-114,2.0405419113411685,0.48374126592585176,stable,False,0.08806707889617867,1,C,-1.0,0.8960504857122598,0.9999999999999996,1.0,1.3770214697410301,8.903285160997152e-36,2.0405419113411685,4.369171390582316e-34,False,0,False,5.211234115668412e-34,False
mu_S,0.03,trivial,trivial,4.440892098500626e-16,5.641425849688378e-41,5.7698859149137034e-114,2.0405419113411685,0.42737614548557545,stable,False,0.08806707889394957,1,C,-1.0,0.9353341815732354,0.9999999999999996,1.0,1.176344995078046,1.6327477052069357e-41,2.0405419113411685,8.285380775122242e-40,False,0,False,2.0096476483973014e-39,False
B_index,0.5,coexistence,coexistence,7.785631727013649e-11,1.4433911286701426,0.5667236562392461,1.9591776218016248,0.8063419461359284,stable,False,13.567739552756906,0,C,0.8056238969912276,0.27831702053214924,0.9999998898078162,1.0,4.645817385484781,0.41855216305859466,1.9591776218016248,12.206032507813172,False,0,False,0.41855216305221427,False
B_index,0.6071428571428571,coexistence,coexistence,2.9879978750042044e-11,1.4655691094456036,0.5149415373868682,1.9591866622291254,0.7990832498900424,stable,False,10.897377009873601,0,C,0.8038752056596097,0.32830601810547066,0.9999998858311234,1.0,4.458510628552737,0.4185046984878952,1.9591866622291254,12.313346476456791,False,0,False,0.4185046984862521,False
B_index,0.7142857142857143,coexistence,coexistence,8.987860223000772e-12,1.4879928853516722,0.46313542491932425,1.9591958686388753,0.7918678895541107,stable,False,8.73756811717326,0,C,0.8021229443073757,0.4162102538265089,0.9999999124806442,1.0,4.285211559387281,0.4184563626945352,1.9591958686388753,12.42044725418899,False,0,False,0.418456362694533,False
B_index,0.8214285714285714,coexistence,coexistence,3.955701897511727e-12,1.5106642758364726,0.41130118595183196,1.959205242654784,0.7846947947481132,stable,False,6.990018673397369,0,C,0.8003674058391987,0.550936264142929,0.9999999353784182,1.0,4.124384281550328,0.41840714716408733,1.959205242654784,12.52732480010846,False,0,False,0.4184071471643799,False
B_index,0.9285714285714286,coexistence,coexistence,1.0873632173608622e-12,1.5335851213790457,0.35943479781590326,1.959214785719593,0.777562866093899,stable,False,5.575859612643134,0,C,0.7986088833897291,0.7456259738313629,0.9999999477346523,0.95,3.9747084296860895,0.4183570443337649,1.959214785719593,12.633969303214293,False,0,False,0.4183570443338338,False
B_index,1.0357142857142856,coexistence,coexistence,3.624807548886999e-13,1.556757284559423,0.3075323453495996,1.9592244990669379,0.7704709747239492,stable,False,4.431719636336589,0,C,0.7968476701531607,0.7768945382943602,0.9999999573736553,0.95,3.8350426120966485,0.4183060477394177,1.9592244990669379,12.74037118470225,False,0,False,0.4183060477393676,False
B_index,1.1428571428571428,coexistence,coexistence,1.3544097219800518e-13,1.5801826486606467,0.2555900192321127,1.959234383785989,0.7634179620005557,stable,False,3.5066041649312534,0,C,0.7950840590501749,0.5645240960135531,0.9999999778997106,0.95,3.704395053612879,0.4182541516764354,1.959234383785989,12.84652108900699,False,0,False,0.4182541516764582,False
B_index,1.25,coexistence,coexistence,4.413965271943386e-14,1.6038631202638698,0.20360411287359648,1.959244440739102,0.7564026387474747,stable,False,2.7594131367214425,0,C,0.7933183425387845,0.43843976842828725,0.9999999894495241,0.95,3.5818998251893728,0.4182013516308617,1.959244440739102,12.952409892644472,False,0,False,0.4182013516308592,False
B_index,1.3571428571428572,coexistence,coexistence,1.0568172480476611e-14,1.6278006255722983,0.15157102140253567,1.9592546707018554,0.7494237851253007,stable,False,2.1569651435895425,0,C,0.7915508122656647,0.3974128577839804,0.9999999860284261,0.95,3.4667974758217373,0.41814764354482553,1.9592546707018554,13.058028685284446,False,0,False,0.418147643544825,False
B_index,1.4642857142857142,coexistence,coexistence,3.805544829808527e-15,1.6519971151244772,0.09948723814098098,1.9592650742109075,0.7424801495003419,stable,False,1.6724227846464068,0,C,0.7897817589670818,0.458467141036081,0.9999999863138088,0.95,3.3584191194770376,0.4180930246150654,1.9592650742109075,13.163368787526023,False,0,False,0.4180930246150652,False
B_index,1.5714285714285714,coexistence,coexistence,1.1365560840976599e-15,1.6764545586553383,0.04734935377955759,1.9592756517446717,0.7355704483354097,stable,False,1.2840365445176045,0,C,0.788011472015074,0.611534544090405,0.9999999836916651,0.95,3.256173307388351,0.4180374923444189,1.9592756517446717,13.268421725982309,False,0,False,0.41803749234441917,False
B_index,1.6785714285714286,coexistence,coexistence,0.00018119566484614595,1.667285588699402,0.0002194433827266067,1.96031564200742,0.9717435400971358,fold,False,0.9741412744767318,0,C,0.7849302970380615,0.8311768938778283,0.9999598571916964,1.0,34.88774887625178,0.41258575236193473,1.96031564200742,13.232443526118065,False,0,False,0.4125596231941929,False
B_index,1.7857142857142856,parasitoid_free,parasitoid_free,7.964770207703612e-16,1.358135124805219,1.867589088575021e-17,1.9710502904591822,0.7283533620138221,stable,False,0.7283533620138222,1,C,0.7692904692416036,0.7532521766393465,0.9999999999977947,0.95,3.154883040663816,0.35640557227901787,1.9710502904591822,11.809358077886312,False,0,False,0.3564055722790175,False
B_index,1.8928571428571428,parasitoid_free,parasitoid_free,6.661338147750939e-16,1.0703535408888558,1.6294986682991716e-31,1.9822288769591727,0.654419686738185,stable,False,0.5349276891743623,1,C,0.7527430699446993,0.6554951346073392,0.9999999998821639,0.95,2.3584549083147173,0.2982333116125819,1.9822288769591727,10.207919543112235,False,0,False,0.29823331161258165,False
B_index,2.0,parasitoid_free,parasitoid_free,6.661338147750939e-16,0.8036415017503038,2.0230543131854345e-46,1.993876893460673,0.7202945779100508,stable,False,0.38424166141800403,1,C,0.7353471930917884,0.5340520394355843,0.99999999424599,0.95,3.0478975763738583,0.23796615987301928,1.993876893460673,8.412233794242004,False,0,False,0.23796615987301917,False
phi,0.01,coexistence,coexistence,5.647096784504353e-15,1.653598773900314,0.05064208748003311,2.032014750409343,0.7558145657663417,stable,False,1.3361167275260502,0,C,0.7843127339856164,0.5762621063939986,0.9999999942031446,0.95,3.5719488478816546,0.41876266440131305,2.032014750409343,13.389698345914772,False,0,False,0.41876266440130977,False
phi,0.01642857142857143,coexistence,coexistence,3.1454142047823935e-15,1.655578879516081,0.04969013849646342,2.0265536095007977,0.7542770029843116,stable,False,1.3266904377050746,0,C,0.7845578365569781,0.5827747831511343,0.9999999892664394,0.95,3.5461546148455185,0.41870922589827403,2.0265536095007977,13.382342824110708,False,0,False,0.41870922589827125,False
phi,0.02285714285714286,coexistence,coexistence,4.983899853844037e-15,1.6575665895879403,0.048735060849691,2.0211085401476536,0.7527315699806935,stable,False,1.3174112582596689,0,C,0.784803382261658,0.5893923695004555,0.9999999847613698,0.95,3.520549148701405,0.4186556611607348,2.0211085401476536,13.374968671581986,False,0,False,0.4186556611607332,False
phi,0.02928571428571429,coexistence,coexistence,3.96169724909157e-15,1.6595619346620334,0.04777684484144948,2.0156794965778184,0.7511782100925362,stable,False,1.3082757484248055,0,C,0.7850493705981637,0.5961169286534187,0.9999999818632014,0.95,3.495130395325253,0.418601970081665,2.0156794965778184,13.367575862713554,False,0,False,0.4186019700816651,False
phi,0.03571428571428572,coexistence,coexistence,1.222926326268881e-15,1.6615649453932204,0.046815480755723816,2.0102664331411155,0.7496168659590072,stable,False,1.2992805718616471,0,C,0.7852958010538581,0.6029505794954539,0.9999999815875027,0.95,3.4698963270305954,0.41854815255574923,2.0102664331411155,13.360164372059133,False,0,False,0.4185481525557502,False
phi,0.04214285714285715,coexistence,coexistence,1.222926326268881e-15,1.6635756525451864,0.04585095885887,2.0048693043088868,0.7480474795082831,stable,False,1.2904224897011336,0,C,0.7855426731049122,0.6098954983363292,0.9999999846259129,0.95,3.444844942096752,0.41849420847940016,2.0048693043088868,13.352734174343151,False,0,False,0.4184942084794012,False
phi,0.04857142857142858,coexistence,coexistence,1.3675736650950406e-15,1.6655940869905417,0.04488326939973681,1.9994880646736108,0.7464699919441288,stable,False,1.2816983808532922,0,C,0.7857899862162498,0.616953920561091,0.9999999854068315,0.95,3.4199742643060502,0.4184401377507747,1.9994880646736108,13.345285244462778,False,0,False,0.4184401377507753,False
phi,0.05500000000000001,coexistence,coexistence,7.755684626330686e-16,1.6676202797109212,0.0439124026097902,1.9941226689485136,0.7448843437321545,stable,False,1.2731051956508919,0,C,0.7860377398414902,0.6241281448160909,0.9999999877984881,0.95,3.3952823424897662,0.41838594026978776,1.9941226689485136,13.33781755748993,False,0,False,0.4183859402697876,False
phi,0.06142857142857144,coexistence,coexistence,6.280369834735101e-16,1.6696542617970742,0.042938348703238184,1.988773071967178,0.7432904745857105,stable,False,1.2646399907648633,0,C,0.7862859334228995,0.6314205325404061,0.9999999874573753,0.95,3.3707672500821273,0.4183316159381264,1.988773071967178,13.330331088673253,False,0,False,0.41833161593812607,False
phi,0.06785714285714287,coexistence,coexistence,4.4037291681804416e-16,1.6716960644489516,0.04196109787716027,1.9834392286831635,0.7416883234514454,stable,False,1.2562999069831782,0,C,0.786534566391333,0.6388335112050718,0.9999999755979925,0.95,3.3464270846827135,0.41827716465926523,1.9834392286831635,13.322825813440163,False,0,False,0.418277164659265,False
phi,0.07428571428571429,coexistence,coexistence,5.958081967793455e-16,1.6737457189757874,0.040980640311636556,1.9781210941696188,0.740077828494495,stable,False,1.2480821701031428,0,C,0.7867836381661873,0.646369576649688,0.9999999659896935,0.9,3.3222599676267044,0.4182225863384791,1.9781210941696188,13.31530170739884,False,0,False,0.4182225863384792,False
phi,0.08071428571428572,coexistence,coexistence,6.409875621278547e-16,1.675803256796172,0.039996966169880396,1.9728186236188991,0.7384589270832931,stable,False,1.2399840878569246,0,C,0.7870331481553408,0.6540312944525417,0.9999999614168317,0.9,3.298264043562808,0.41816788088285867,1.9728186236188991,13.30775874634024,False,0,False,0.41816788088285894,False
phi,0.08714285714285715,coexistence,coexistence,4.440892098500626e-16,1.677868709438136,0.03901006559837162,1.9675317723421903,0.7368315557740058,stable,False,1.2320030476217136,0,C,0.7872830957551074,0.6618213057606042,0.9999999645659917,0.9,3.2744374800388596,0.4181130482013244,1.9675317723421903,13.300196906240194,False,0,False,0.4181130482013241,False
phi,0.09357142857142857,coexistence,coexistence,6.661338147750939e-16,1.6799421085392119,0.038019928726993134,1.9622604957691154,0.7351956502945584,stable,False,1.2241365128917316,0,C,0.7875334803501786,0.6697423266688733,0.9999999773306089,0.9,3.2507784670946114,0.4180580882046403,1.9622604957691154,13.292616163261389,False,0,False,0.4180580882046402,False
phi,0.1,coexistence,coexistence,1.0923150274288e-15,1.6820234856882765,0.037026545695819736,1.9570047494523628,0.7335511455479823,stable,False,1.2163820168120398,0,C,0.7877843013070175,0.6777971522192552,0.9999999820634882,0.9,3.227285217141826,0.4180030007799273,1.9570047494523628,13.285016493099072,False,0,False,0.4180030007799275,False
beta,0.005,parasitoid_free,parasitoid_free,5.874748045952207e-16,1.9387033078231493,1.233286694898303e-77,1.951776681446496,0.4942634835697461,stable,False,0.1988697299709035,1,C,0.7970967015344501,0.8738979494425665,0.9999999999999989,1.0,1.4190706765313774,0.45748266983218666,1.951776681446496,14.284395905386484,False,0,False,0.45748266983218666,False
beta,0.0075,parasitoid_free,parasitoid_free,8.732499880982792e-16,1.9387033079681268,1.1455330194810937e-60,1.9517766814439523,0.4942634835464565,stable,False,0.28735295906749514,1,C,0.7970967015432712,0.8738979494280565,0.9999999999999991,1.0,1.4190706764364893,0.45748266984559066,1.9517766814439523,14.284395905913101,False,0,False,0.45748266984559055,False
beta,0.01,parasitoid_free,parasitoid_free,6.661338147750939e-16,1.938703308428387,1.335033573764593e-44,1.9517766814358914,0.49426348347265187,stable,False,0.4069496781404637,1,C,0.7970967015803907,0.8738979492076138,0.9999999999999987,1.0,1.4190706761357894,0.45748266988807157,1.9517766814358914,14.284395907585003,False,0,False,0.4574826698880715,False
beta,0.0125,parasitoid_free,parasitoid_free,6.661338147750939e-16,1.9387033090964894,2.8039375395570684e-29,1.9517766814241855,0.5665957292484095,stable,False,0.56659572924841,1,C,0.797096701591265,0.8738979497798316,0.9999999999999984,1.0,1.7602248806037284,0.4574826699497636,1.9517766814241855,14.284395910011874,False,0,False,0.45748266994976394,False
beta,0.015,parasitoid_free,parasitoid_free,1.2650762807314506e-13,1.9387033094319517,1.4818244536516732e-14,1.9517766814182813,0.7773783488135585,stable,False,0.7773783488136691,1,C,0.7970967016300163,0.8738979484675102,0.999999999999995,1.0,3.9709625473248296,0.45748266998088427,1.9517766814182813,14.284395911230341,False,0,False,0.4574826699808425,False
beta,0.0175,coexistence,coexistence,1.916583080779586e-05,1.8653511099978946,0.011260821691454075,1.9538388953678025,0.9445852714079633,fold,False,1.052979581550687,0,C,0.7945103997663919,0.954787410459391,0.9998618145424096,1.0,17.540993372848327,0.44662084887961595,1.9538388953678025,14.015276294923583,False,0,False,0.44661797538366904,False
beta,0.02,coexistence,coexistence,5.209931763514724e-15,1.5282319411556518,0.05664632587981597,1.9641034089814364,0.7540806484790179,stable,False,1.410199302614041,0,C,0.781603092081748,0.5269501675743302,0.9999999503905622,0.95,3.542883610730775,0.39272291102537676,1.9641034089814364,12.622961860842118,False,0,False,0.39272291102537527,False
beta,0.022500000000000003,coexistence,coexistence,8.413076768508181e-13,1.2919946411969783,0.08091357162221553,1.9722050937566387,0.7868637121578554,stable,False,1.8695704057364648,0,C,0.7714151647775819,0.3919446532691393,0.9999998693989047,0.95,4.171877699316786,0.35038082965235257,1.9722050937566387,11.46461965638092,False,0,False,0.3503808296520534,False
beta,0.025,coexistence,coexistence,4.11631435903887e-11,1.1179025680221175,0.09382743713493444,1.9787596069973687,0.8129331099349844,stable,False,2.4560806605558145,0,C,0.7632014073848105,0.3005282087698333,0.9999999125555926,0.95,4.828434882737234,0.3162518684202394,1.9787596069973687,10.491238231729062,False,0,False,0.31625186842509323,False
beta,0.0275,coexistence,coexistence,6.299920896092765e-10,0.9845675693830356,0.10033332357001215,1.984170456465099,0.8341434227598342,stable,False,3.2000175792528722,0,C,0.7564541253911206,0.2458655881526306,0.9999994316444263,0.95,5.51420144424447,0.2881629711650035,1.984170456465099,9.664429407069925,False,0,False,0.2881629711018673,False
beta,0.030000000000000002,coexistence,coexistence,6.7721636549783495e-09,0.8793170169244575,0.10309453225388879,1.9887122777003574,0.8517278137251558,stable,False,4.137955044199616,0,C,0.7508210499393074,0.21655881415852662,0.9999980982949609,0.95,6.230984955700582,0.2646444586708028,1.9887122777003574,8.954831905277672,False,0,False,0.26464445903638617,False
beta,0.0325,coexistence,coexistence,5.30172742614751e-08,0.7941973772952794,0.10361774448454823,1.992578436464685,0.8665370651695883,stable,False,5.313902891689856,0,C,0.7460519382191384,0.20284216669862065,0.9999992775227318,0.95,6.980783542811287,0.24466695099665894,1.992578436464685,8.339988083054346,False,0,False,0.24466695489655624,False
beta,0.034999999999999996,coexistence,coexistence,2.7801277612235835e-07,0.7239788974058838,0.10278916865773151,1.9959089808204855,0.8791765028897729,stable,False,6.7806436416010465,0,C,0.7419649873017966,0.1992914180144938,0.9999939651952379,0.95,7.765807969922616,0.2274881603879957,1.9959089808204855,7.802597898863873,False,0,False,0.2274881401353664,False
beta,0.0375,coexistence,coexistence,1.0550121227425014e-06,0.6650877247058601,0.10114632765692771,1.9988078349646163,0.8900880085087017,stable,False,8.601283692657592,0,C,0.7384253074001369,0.20264403970654454,0.9999916564549494,0.95,8.588487625762507,0.2125593325913295,1.9988078349646163,7.329196568048735,False,0,False,0.2125593780546569,False
beta,0.04,coexistence,coexistence,3.162933053641552e-06,0.6150034950378409,0.09902292434936426,2.0013536630301574,0.8996025873123829,stable,False,10.851049972418762,0,C,0.7353310597598597,0.21083245477557933,0.9999953152986005,0.95,9.451600838843483,0.19946650480488481,2.0013536630301574,6.909203482981267,False,0,False,0.1994665757284368,False
R_B,6.0,trivial,trivial,1.3513093844568709e-12,1.4519668997155972e-12,1.3549317208556813e-113,2.040541911341099,0.7899030240777594,stable,False,0.08806707890258447,1,C,-0.9709606620043043,0.45142957069161493,0.9999999999999325,1.0,4.240071214349681,2.7483195074907663e-13,2.040541911341099,8.711801398287385e-12,False,0,False,8.661666285749447e-13,False
R_B,6.714285714285714,trivial,trivial,1.0965684703692717e-07,2.1154731322861309e-07,8.289840642137688e-113,2.040541901284957,0.8839389205207395,stable,False,0.08806707890258547,1,C,0.0009487820243648803,0.27450679490685026,0.999999990174204,1.0,8.105874841102358,4.480913307263928e-08,2.040541901284957,1.4203889558516622e-06,False,0,False,7.649957125560681e-08,False
R_B,7.428571428571429,parasitoid_free,parasitoid_free,0.0004129575090386643,0.00395796492256485,1.789819609478032e-110,2.04035377863244,0.9743153320210272,fold,False,0.08806707890472826,1,C,0.1476843094604392,0.4424950207005698,0.9998670389112684,1.0,38.431564462107175,0.0009257817636913749,2.04035377863244,0.029345100267139858,False,0,False,0.0010123740016285078,False
R_B,8.142857142857142,parasitoid_free,parasitoid_free,1.584873596746747e-05,0.15189718439566405,3.23747303317383e-100,2.033342956097222,0.9325307774458723,fold,False,0.11409559603764645,1,C,0.6822113315663716,0.11528612515486047,0.9999232692934211,0.95,14.315752271003468,0.03635267209599629,2.033342956097222,1.1509011010778656,False,0,False,0.03635647723666819,False
R_B,8.857142857142858,parasitoid_free,parasitoid_free,5.12621714022782e-09,0.3495565358029476,8.912136155255848e-87,2.02403961850178,0.8563730204887623,stable,False,0.15676405849125014,1,C,0.7004896135058198,0.2612202590575432,0.9999961358606837,0.95,6.449564597978774,0.08352494747987085,2.02403961850178,2.64011749895509,False,0,False,0.08352494913005046,False
R_B,9.571428571428571,parasitoid_free,parasitoid_free,1.4899159512768008e-12,0.5466173366914064,1.2521166197139863e-73,2.0148360937164917,0.7908230456115457,stable,False,0.21121369808945922,1,C,0.7168314821951653,0.3934919171061928,0.9999998180510812,0.95,4.261102535590092,0.13040410817838818,2.0148360937164917,4.115412973016095,False,0,False,0.13040410817903164,False
R_B,10.285714285714285,parasitoid_free,parasitoid_free,8.881784197001252e-16,0.7430250602728158,5.000538471893059e-61,2.0057332806538133,0.7337102585319999,stable,False,0.2798770241054352,1,C,0.7315250194677004,0.5080212674492144,0.9999999905013656,0.95,3.229545729633872,0.17698139448763744,2.0057332806538133,5.576664769911812,False,0,False,0.17698139448763767,False
R_B,11.0,parasitoid_free,parasitoid_free,4.440892098500626e-16,0.938778488749101,5.697033823362679e-49,1.9967295997399932,0.6833952566216006,stable,False,0.36555878478981313,1,C,0.7448072624667965,0.6039423229405785,0.9999999994373557,0.95,2.6268652438471958,0.22325985370262483,1.9967295997399932,7.0241178478722475,False,0,False,0.22325985370262483,False
R_B,11.714285714285715,parasitoid_free,parasitoid_free,4.440892098500626e-16,1.1338767163219878,2.046227399951038e-37,1.9878234962584544,0.6386384976112015,stable,False,0.47147657792628633,1,C,0.7568718772570847,0.6824951945307225,0.9999999999624367,0.95,2.230068514467657,0.269242527176911,1.9878234962584544,8.458011580516748,False,0,False,0.269242527176911,False
R_B,12.428571428571429,parasitoid_free,parasitoid_free,6.661338147750939e-16,1.3283191214541366,2.621472272656183e-26,1.9790134407666395,0.6013043072792612,stable,False,0.6013043072792612,1,C,0.7678786440984269,0.7459106067816723,0.99999999999721,0.95,1.9659724081933434,0.3149324459088196,1.9790134407666395,9.878579837857282,False,0,False,0.3149324459088197,False
R_B,13.142857142857142,parasitoid_free,parasitoid_free,1.7070402588918776e-14,1.5221053523948318,1.3715594092986986e-15,1.9702979289798752,0.7592185837504185,stable,False,0.7592185837504362,1,C,0.7779605587896073,0.7966767729427857,0.9999999999997733,1.0,3.6302179556844867,0.360332628569131,1.9702979289798752,11.286051136624469,False,0,False,0.3603326285691239,False
R_B,13.857142857142858,coexistence,coexistence,3.562668718632678e-05,1.7150743459862292,2.227972350394532e-05,1.9616803179297377,0.9497139259881968,fold,False,0.949948137986521,0,C,0.7872229419785539,0.8375291086351078,0.9999953520874868,1.0,19.38192202897288,0.40542199300517473,1.9616803179297377,12.680028444985702,False,0,False,0.4054166772142497,False
R_B,14.571428571428571,coexistence,coexistence,7.274573462312151e-16,1.6943942354960704,0.03113392196136822,1.959344258544271,0.7322436188947152,stable,False,1.1788263641633328,0,C,0.7879503263606971,0.7249513599730486,0.9999999763895903,0.9,3.2088100298248072,0.41767731250839335,1.959344258544271,13.240057917561757,False,0,False,0.4176773125083935,False
R_B,15.285714285714286,coexistence,coexistence,1.5351618658460002e-15,1.6154710672829573,0.06907598126633482,1.9589385884847352,0.744449422116187,stable,False,1.4518470203836928,0,C,0.7862956920051432,0.5102787653782863,0.9999999833707973,0.95,3.3885627892777044,0.4198072288737155,1.9589385884847352,13.533228625707682,False,0,False,0.41980722887371674,False
R_B,16.0,coexistence,coexistence,1.7193958185143147e-14,1.5438351589738075,0.10426554597290233,1.958548872170898,0.755945128838168,stable,False,1.775723221824912,0,C,0.7847473049183238,0.4273866133799502,0.9999999694302426,0.95,3.5741540382680324,0.4218537976718255,1.958548872170898,13.813112817043917,False,0,False,0.4218537976718233,False
